Model Species,Model Gene symbol, Model Gene Name, Human Gene Symbol, Entrez Gene ID, MGI ID, ABA ID, Model ID, Primary Reference, Additional Reference, Model Summary
Mus musculus,Adnp,Activity-dependent  neuroprotective protein,ADNP,11538,,,"ADNP_1_KO_HT,ADNP_1_KO_HT_NAP-1,ADNP_1_KO_HT_NAP-2,ADNP_1_KO_HT_NAP-3,ADNP_2_KO_HT,ADNP_1_KO_HT_SKIP-1,ADNP_1_KO_HT_SKIP-2",17720885,"177,208,852,564,659,000,000,000","The ADNP homozygous knock out causes embryonic lethality. The heterozygous mice have normal, slightly delayed development and show reduced neuronal survival and some changes in gene expression (e.g., some transcription factors like Pax6)"
Mus musculus,Adora2a,Adenosine A2a receptor,ADORA2A,11540,http://www.informatics.jax.org/javawi2/servlet/WIFetch?page=markerDetail&key=15199,http://mouse.brain-map.org/brain/Adora2a.html?ispopup=1,"ADORA2A_1_KO_HM,ADORA2A_2_CN_KO_HM",10531422,15602504,A2A receptors play a prominent role in the development of ischemic injury within brain and demonstrate the potential for anatomical and functional neuroprotection against stroke by A2A receptor antagonists.
Mus musculus,Ahi1,Abelson helper integration site 1,AHI1,52906,http://www.informatics.jax.org/javawi2/servlet/WIFetch?page=markerDetail&key=223,http://mouse.brain-map.org/brain/Ahi1.html?ispopup=1,"Ahi1_1_KO_HM,Ahi1_2_CN_KO_HM,Ahi1_3_KO_HT",19625297,20956301,"Distribution and functioning of Rab8a is regulated by Ahi1, not only affecting cilium formation, but also vesicle transport."
Mus musculus,Aldh5a1,"Aldehyde Dehydrogenase family 5, subfamily A1",ALDH5A1,214579,http://www.informatics.jax.org/javawi2/servlet/WIFetch?page=markerDetail&key=83311,http://mouse.brain-map.org/brain/Aldh5a1.html?ispopup=1,"ALDH5A1_1_KO_HM,ALDH5A1_1_KO_HM_CGP,ALDH5A1_1_KO_HM_VGB,ALDH5A1_2_KO_HT",11544478,,"Mice display ataxia, develop generalized seizures leading to rapid death,increased amounts of GHB and total GABA in urine, brain and liver homogenates and detected significant gliosis in the hippocampus of KO mice. These findings provide insight into pathomechanisms and may have therapeutic relevance for the human SSADH deficiency disease and GHB overdose and toxicity."
Mus musculus,Ank2,"ankyrin 2, brain",ANK2,109676,http://www.informatics.jax.org/marker/MGI:88025,,"Ank2_1_KO_HM,Ank2_2_KO_HT",9832558,,"Ank2 null mice exhibit hypoplasia of the corpus callosum, pyramidal tracts and degeneration of the optic nerve."
Mus musculus,Ankrd11,ankyrin repeat domain 11,ANKRD11,77087,http://www.informatics.jax.org/javawi2/servlet/WIFetch?page=markerDetail&key=61067,http://mouse.brain-map.org/brain/Ankrd11.html?ispopup=1,"ANKRD11_1_YODA_HM,ANKRD11_2_YODA_HT,ANKRD11_3_KD",17986521,25556659,Identification of a novel genetic regulator of bone homeostasis.
Mus musculus,Apba2,"amyloid beta (A4) precursor protein-binding, family A, member 2",APBA2,11784,http://www.informatics.jax.org/javawi2/servlet/WIFetch?page=markerDetail&key=36252,http://mouse.brain-map.org/brain/Apba2.html?ispopup=1,"APBA2_1_KO_HM,APBA2_2_KO_HM_DTg",19420255,,Apba2 is involved in the development of neuronal circuits that contribute to conflict resolution.
Mus musculus,Apc,adenomatosis polyposis coli,APC,11789,http://www.informatics.jax.org/marker/MGI:88039,,"APC_1_cKO_HM,APC_2_cKO_HM_Thy1-YFP",24934177,,"The conditional knock out of the Apc gene from the forebrain excitatory neurons causes several beavioral and learning abnormalities, like deficits in spatial learning and memory; increased repetitive behavior and decreased sociability."
Mus musculus,App,amyloid beta (A4) precursor protein,APP,11820,http://www.informatics.jax.org/marker/MGI:88059,http://www.brain-map.org/search/index.html?query=%40entrez_id%2011820,APP_1_Tg_HM,23840007,,"Corresponding to increase in levels of secreted APP, seen in children with autism,  phenotypes present in a mouse model expressing a transgene for secreted APP alpha were characterized"
Mus Musculus,Arhgap32,Rho GTPase activating protein 32,ARHGAP32,330914,http://www.informatics.jax.org/marker/MGI:2450166,,"ARHGAP32_1_KO_HM,ARHGAP32_1_KO_HM_Clonazepam,ARHGAP32_2_KO_HT",26979507,,"Arhgap32 null mice have impaired social behavior displaying reduced social memory and inclination towards reciprocal social interaction, along with reduced social dominance. They show increased repetitive behavior with increase in self-grooming and repetitive digging. Arhgap32 null pups also make fewer ultrasonic calls upon isolation from the mother. Additionally, motor coordination and flexibility in learning new goals are also reduced in the null mice. In neuronal cultures Arhgap32 null neurons have reduced expression of GABAa receptors on the surface."
Mus musculus,Arhgap33,Rho GTPase activating protein 33,ARHGAP33,233071,http://www.informatics.jax.org/marker/MGI:2673998,,"Arhgap33_1_KO_HM,Arhgap33_1_KO_HM_eGFP,Arhgap33_1_KO_HM_eGFP-MutNomagap,Arhgap33_1_KO_HM_eGFP-WtNomagap,Arhgap33_2_KO_Cdc42_DM,Arhgap33_2_KO_Cdc42_DM_eGFP",25869807,,"Arhgap33 knock out mice have normal sensory function, including  vision and olfaction. They show reduced social behavior and increased dendritic spine density in the neocortex"
Mus musculus,Arx,aristaless related homeobox,ARX,11878,http://www.informatics.jax.org/javawi2/servlet/WIFetch?page=markerDetail&key=33741,http://mouse.brain-map.org/brain/Arx.html?ispopup=1,"ARX_1_KO_HE,ARX_2_GCG(10plus7)_HM,ARX_3_GCG(10plus7)_HT,ARX_4_KO_HM",12379852,"1,958,728,219,627,980",Recapitulation of some of the human clinical features of X-linked lissencephaly with abnormal genitalia (XLAG) in Arx mutant mice
Mus musculus,Atg7,Autophagy related 7,ATG7,74244,http://www.informatics.jax.org/marker/MGI:1921494,,"Atg7_1_cKO_HM,Atg7_1_cKO_HM_Rapa",25155956,25155956,"Atg7 null mice die within one day of birth. Loss of Atg7 specifically in hematopoietic stem cells leads to severe myeloproliferation, and death of mice within weeks.  Loss of Atg7 in the liver leads to liver adenomas."
Mus musculus,Atp1a3,Sodium potassium ATPase alpha 3 subunit,ATP1A3,232975,http://www.informatics.jax.org/marker/MGI:88107,http://mouse.brain-map.org/highlights/21618,"ATP1A3_1_HT_KI,ATP1A3_1_HT_KI_Li",,,ATP1A3 mutant mice also called the Myshkin model has an I810N mutation and models deficits in social behaviors
Mus musculus,Atp2b2,"ATPase, Ca++ transporting, plasma membrane 2",ATP2B2,11941,http://www.informatics.jax.org/marker/MGI:105368,http://mouse.brain-map.org/gene/show/11727,ATP2B2_1_KO_HT,22789621,,"Importance of PMCA2 in calcium signaling, glutamate receptor expression and survival of Purkinje cells"
Mus musculus,Atp8a1,"ATPase, aminophospholipid transporter (APLT), class I, type 8A, member 1",ATP8A1,11980,http://www.informatics.jax.org/marker/MGI:1330848,http://mouse.brain-map.org/gene/show/11766,"ATP8A1_1_KO,ATP8A1_1_TG",27287255,,"The Atp8a1 gain of function mouse model is associated with reduced socialbility, fewer and weaker excitatory synapses in the hippocampal CA1 region and inhibition of the Schaefer collateral pathway"
Mus musculus,Atrnl1,Attractin like 1,ATRNL1,226255,http://www.informatics.jax.org/javawi2/servlet/WIFetch?page=markerDetail&key=75189,http://mouse.brain-map.org/brain/Atrnl1.html?ispopup=1,"ATRNL1_1_KO_HM,ATRNL1_2_Tg_mg-3J_HM,ATRNL1_3_Tg_pst112_HM",18064672,,"Mutant mice were grossly normal with no alterations of pigmentation, central nervous system pathology or body weight."
Mus musculus,Auts2,Autism susceptibility candidate 2,AUTS2,319974,http://www.informatics.jax.org/marker/MGI:1919847,,"AUTS2_1_cKO_HM,AUTS2_2_cKO_HT",25519132,,"The conditional knock out ( both homozygous and heterozygous) mice, with Auts2 knocked out only in the brain, show reduced growth and size compared to wild type littermate controls and also display other anomalies during early development like, reduced instances of ultrasonic vocalizations and poor righting reflex."
Rattus norvegicus,Avp,arginine vasopressin,AVP,24221,,,"R_AVP_1_KO_HM,R_AVP_1_KO_HM_CLOZ-10,R_AVP_1_KO_HM_CLOZ-15,R_AVP_1_KO_HM_HAL-1,R_AVP_1_KO_HM_PD-1,R_AVP_1_KO_HM_PD-2",14760394,,Vasopressin and oxytocin are chemically and functionally related neurohormones that have both been implicated in the regulation of social behavior.
Mus musculus,Avpr1a,Arginine vasopressin receptor 1A,AVPR1A,54140,http://www.informatics.jax.org/javawi2/servlet/WIFetch?page=markerDetail&key=46689,http://mouse.brain-map.org/brain/Avpr1a.html?ispopup=1,"AVPR1A_1_KO_HM,AVPR1A_2_KO_HM",12576226,"1,668,263,117,227,680",Avpr1a may also serve as a counter-regulatory restraint upon the immune system during fight or flight situations.
Mus musculus,Baiap2,brain-specific angiogenesis inhibitor 1-associated protein 2,BAIAP2,108100,http://www.informatics.jax.org/javawi2/servlet/WIFetch?page=markerDetail&key=65241,http://mouse.brain-map.org/brain/Baiap2.html?ispopup=1,"BAIAP2_1_KO_HM,BAIAP2_2_KO_HT,BAIAP2_1_KO_HM_memantine,BAIAP2_1_KO_HM_MPEP",19193906,25622145,"Baiap2 is involved in the regulation of NMDA receptor-mediated excitatory synaptic transmission, LTP, and learning and memory behaviors."
Mus musculus,Bckdk,branched chain ketoacid dehydrogenase kinase,BCKDK,12041,http://www.informatics.jax.org/marker/MGI:1276121,http://mouse.brain-map.org/gene/show/11827,"BCKDK_1_KO_HM,BCKDK_1_KO_HM_HPD,BCKDK_1_KO_HM_BCAA",16875466,22956686,"BCKDK knockout mice have reduced body weight, brain size and manifest abnormal gait and hindlimb postures"
Mus musculus,Bdnf,brain derived neurotrophic factor,BDNF,12064,http://www.informatics.jax.org/marker/MGI:88145,http://mouse.brain-map.org/gene/show/11850,BDNF_1_KO_HT,22951260,,Self grooming behavior is a reliable behavioral biomarker of genetic deficits in BDNF pathways
Mus musculus,Brinp1,BMP/RA-inducible neural-specific protein 1,BRINP1,56710,http://www.informatics.jax.org/marker/MGI:1928478,http://mouse.brain-map.org/experiment/show/69012753,"BRINP1_1_KO_HM,BRINP1_1_KO_HM_MPH,BRINP1_1_KO_HT",27042284,,Homozygous null mutant
Mus musculus,Cacna1c,"calcium channel, voltage-dependent, L type, alpha 1C subunit",CACNA1C,12288,http://www.informatics.jax.org/javawi2/servlet/WIFetch?page=markerDetail&key=40682,http://mouse.brain-map.org/brain/Cacna1c.html?ispopup=1,"CACNA1C_1_HM,CACNA1C_2_HM,CACNA1C_3_KI_T1066Y,CACNA1C_4_CN,CACNA1C_5_CN_KO_HM,CACNA1C_2_KO_HT",10973973,"15,146,240,162,514,300,000,000,000,000,000",Role of Cav1.2 subtype of LTCC in the LA is responsible for fear memory acquisition and synaptic plasticity
Mus musculus,Cacna1f,"Calcium channel, voltage dependent, alpha 1F subunit",CACNA1F,54652,http://www.informatics.jax.org/javawi2/servlet/WIFetch?page=markerDetail&key=46828,http://mouse.brain-map.org/brain/Cacna1f.html?ispopup=1,CACNA1F_1_KO_HM,16155113,,Ca(v)1.4 calcium channel is vital for the functional assembly and/or maintenance and synaptic functions of photoreceptor ribbon synapses.
Mus musculus,Cacna1g,"Calcium channel, voltage dependent, T type, alpha 1G subunit",CACNA1G,12291,http://www.informatics.jax.org/javawi2/servlet/WIFetch?page=markerDetail&key=35657,http://mouse.brain-map.org/brain/Cacna1g.html?ispopup=2,"CACNA1G_1_KO_HM,CACNA1G_1_KO_HM_Kainate,CACNA1G_2_KO_HM,CACNA1G_3_CN_KO_HM,CACNA1G_5_KO_HM,CACNA1G_4_KD_HM",11498049,"11,498,049,156,773,200,000,000,000,000,000",Modulation of the intrinsic firing pattern mediated by alpha(1G) T-type Ca(2+) channels plays a critical role in the genesis of absence seizures in the thalamocortical pathway.
Mus musculus,Cacna1h,"calcium channel, voltage-dependent, T type, alpha 1H subunit",CACNA1H,58226,http://www.informatics.jax.org/javawi2/servlet/WIFetch?page=markerDetail&key=49295,http://mouse.brain-map.org/brain/Cacna1h.html?ispopup=3,CACNA1H_1_KO_HM,14631046,,Ca2+ influx through alpha1H T-type Ca2+ channels is essential for normal relaxation of coronary arteries.
Mus musculus,Cadm1,cell adhesion molecule 1,CADM1,54725,http://www.informatics.jax.org/javawi2/servlet/WIFetch?page=markerDetail&key=47677,http://mouse.brain-map.org/brain/Cadm1.html?ispopup=4,"CADM1_3_KO_HM,CADM1_4_KO_HT,CADM1_1_KO_HM,CADM1_2_KO_HT",20450890,16382161,"Cadm1 plays roles in regulating emotional behaviors, social behaviors and motor performances"
Mus musculus,Cadps2,Ca2+-dependent activator protein for secretion 2,CADPS2,320405,http://www.informatics.jax.org/javawi2/servlet/WIFetch?page=markerDetail&key=84995,http://mouse.brain-map.org/brain/Cadps2.html?ispopup=5,"CADPS2_1_KO_HM,CADPS2_2_KO_HT,CADPS2_3_KO_HM,CADPS2_4_KO_HM,CADPS2_5_KO_HT",17344385,"17,380,209,180,223,700,000,000,000,000,000","CAPS2-mediated neurotrophin release is indispensable for normal cerebellar development and functions, including neuronal differentiation and survival, morphogenesis, synaptic function, and motor learning/control"
Mus musculus,Caprin1,RNA granule protein 105 (Caprin 1),CAPRIN1,53872,http://www.informatics.jax.org/marker/MGI:1858234,http://mouse.brain-map.org/experiment/show/71232750,"Caprin1_1_KO_HM,Caprin1_1_KO_HT",26865403,,RNG105 deficient mice display deficits in social interactions and responses to social novelty
Mus musculus,Cc2d1a,Coiled-coil and C2 domain containing 1A,CC2D1A,212139,http://www.informatics.jax.org/allele/MGI:4840725,,"CC2D1A_1_KO_HM,CC2D1A_2_KO_HM,CC2D1A_3_KO_HM,CC2D1A_4_CKO_HM_CamKIIa,CC2D1A_5_CKO_HM_Nestin",26826102,,"Ccd2d1a null mice die very soon after birth, recapitulated in different constructs developed in different laboratories. The cause of death is failure to breathe and impaired swallowing even if overall the newborn pups do not display any major anatomical defect in the heart, lung or brain. Ccd2d1a conditional knockout from forebrain excitatory neurons specifically results in mice that survive through adulthood and are fertile. These conditional knockouts display several behavioral impairments including poor spatial learning, excessive self-grooming,  hyperactivity, increased anxiety and deficie"
Mus musculus,Cd38,CD38 antigen,CD38,12494,http://www.informatics.jax.org/javawi2/servlet/WIFetch?page=markerDetail&key=28646,http://mouse.brain-map.org/brain/Cd38.html?ispopup=6,CD38_1_KO_HM,17287729,21881219,"Cd38 has a key role in neuropeptide release, thereby critically regulating maternal and social behaviours, and may be an element in neurodevelopmental disorders."
Mus musculus,Cdkl5,cyclin-dependent kinase-like 5,CDKL5,382253,http://www.informatics.jax.org/marker/MGI:1278336,http://mouse.brain-map.org/gene/show/120603,"CDKL5_1_KO_HE,CDKL5_2_KO_HT",23236174,,CDKL5 regulates signal transduction pathways and mediates autistic-like phenotypes and together establish a causal role for Cdkl5 loss-of-function in neurodevelopmental disorders
Mus musculus,Celf4,"CUGBP, Elav-like family member 4",CELF4,108013,,,"CELF4_1_CN_KO_HM,CELF4_2_CN_KO_HM,CELF4_3_CN_KO_HM,CELF4_4_CN_KO_HM,CELF4_5_CN_KO_HM,CELF4_6_CN_KO_HM,CELF4_7_CN_KO_HM",21745337,,Altered excitatory neurotransmission resulting from Celf4 deficiency underlies the complex seizure disorder in Celf4 mutant mice
Mus musculus,Celf6,"CUGBP, Elav-like family member 6",CELF6,76183,http://www.informatics.jax.org/marker/MGI:1923433,http://mouse.brain-map.org/gene/show/52024,CELF6_1_KO_HM,23407934,,Reproducible and accurate method to profile serotonergic neurons under a variety of conditions and suggests a novel paradigm for gaining information on the etiology of psychiatric disorders
Mus musculus,Chd7,chromodomain helicase DNA binding protein 7,CHD7,320790,http://www.informatics.jax.org/marker/MGI:2444748,,Chd7_1_SP_HT,22539951,,The deletion of Chd7 causes inner year problems in the mouse  model and mutations in this gene have been found in some patients with the CHARGE syndrome
Mus musculus,Chd8,chromodomain helicase DNA binding protein 8,CHD8,67772,http://www.informatics.jax.org/marker/MGI:1915022,http://mouse.brain-map.org/gene/show/43615,CHD8_1_KO_HM,,19151705,"Mode of p53 regulation mediated by CHD8, which may set a threshold for induction of apoptosis during early embryogenesis by counteracting p53 function through recruitment of histone H1"
Mus musculus,Clstn3,calsyntenin 3,CLSTN3,232370,MGI:2178323,,Clstn3_1_KO_HM,24094106,,calsyntenin-3 KO mice display impaired synaptogenesis
Mus musculus,Cntn4,contactin 4,CNTN4,269784,http://www.informatics.jax.org/javawi2/servlet/WIFetch?page=markerDetail&key=33243,http://mouse.brain-map.org/brain/Cntn4.html?ispopup=7,CNTN4_1_HM,18367085,,Cntn4 is one of the axon guidance molecules crucial for the formation and maintenance of functional odor map in the olfactory bulb
Mus musculus,Cntnap2,contactin associated protein-like 2,CNTNAP2,66797,http://www.informatics.jax.org/javawi2/servlet/WIFetch?page=markerDetail&key=50777,http://mouse.brain-map.org/brain/Cntnap2.html?ispopup=9,"CNTNAP2_4_KO_HM,CNTNAP2_1_KO_d4.1_Tg,CNTNAP2_2_KO_C2_Tg,CNTNAP2_3_KO_HM,CNTNAP2_5_KO_HM,CNTNAP2_5_KO_HM_Risperidone,CNTNAP2_6_KO_HT,CNTNAP2_5_KO_HM_AVP-1,CNTNAP2_5_KO_HM_AVP-2,CNTNAP2_5_KO_HM_AVPR-Ant_AVP,CNTNAP2_5_KO_HM_DREADD-OXTN,CNTNAP2_5_KO_HM_Fenobam,CNTNAP2_5_KO_HM_Flumazenil,CNTNAP2_5_KO_HM_Fluoxetine,CNTNAP2_5_KO_HM_MC4R-Ag,CNTNAP2_5_KO_HM_OXTR-Ant_AVP,CNTNAP2_5_KO_HM_OXTR-Ant_MC4R-Ag,CNTNAP2_5_KO_HM_OXTR-Ant_OXT,CNTNAP2_5_KO_HM_Oxytocin-1,CNTNAP2_5_KO_HM_Oxytocin-2,CNTNAP2_5_KO_HM_Oxytocin-3",12963709,"20,164,332,219,625,100,000,000,000,000,000",Axon-glia interactions mediated by Cntnap2 and Tag-1 s allow myelinating glial cells to organize ion channels in the underlying axonal membrane
Mus musculus,Cntnap4,contactin associated protein-like 4,CNTNAP4,170571,http://www.informatics.jax.org/marker/MGI:2183572,,"Cntnap4_1_KO_HT,Cntnap4_1_KO_HT-Halo,Cntnap4_1_KO_HT-Indi,Cntnap4_2_KO_HM,Cntnap4_2_KO_HM-Indi,Cntnap4_3_KO_HM,Cntnap4_4_KO_HM-PV-Cre-RFP",24870235,,Cntnap4 null mice have increased levels of dopamine and decreased levels of Gabaergic signaling. They show abnormal perseverative allo-grooming behavior and impaired sensorimotor gating
Mus musculus,Csnk1d,"casein kinase 1, delta",CSNK1D,104318,http://www.informatics.jax.org/marker/MGI:1355272,http://mouse.brain-map.org/gene/show/68483,"CSNK1D_1_CN_KO_HT,CSNK1D_2_CN_KO_HM,CSNK1D_3_CN_KO_HM",19414593,,Important functional differences between Csnk1d and Csnk1e; Csnk1d plays an unexpectedly important role in maintaining the 24-h circadian cycle length
Mus musculus,ctnnb1,"catenin (cadherin associated protein), beta 1",CTNNB1,12387,http://www.informatics.jax.org/marker/MGI:88276,http://mouse.brain-map.org/experiment/show?id=79904258,CTNNB1_1_cKO_HT,27131348,,This model specifically deletes CTNNB1 in parvalbumin interneurons
Mus musculus,Ctnnd2,"Catenin(cadherin associated protein), delta 2",CTNND2,18163,http://www.informatics.jax.org/marker/MGI:1195966,,Ctnnd2_1_KO_HM,15380068,,Delta catenin null mice are deficient in spatial learning and display poor memory of pavlovian fear conditioning
Mus musculus,Cxcr3,chemokine (C-X-C motif) receptor 3,CXCR3,12766,http://www.informatics.jax.org/javawi2/servlet/WIFetch?page=markerDetail&key=37063,http://mouse.brain-map.org/brain/Cxcr3.html?ispopup=10,CXCR3_1_KO_HM,17538187,,Ameliorated nephritis in CXCR3-deficient mice due to impaired renal trafficking of effector T cells
Mus musculus,Cyfip1,Cytoplasmic FMR1 interacting protein 1,CYFIP1,20430,,,CYFIP1_1_Tg,25311365,,"The transgenic mice expressing Cyfip1 transgene, leading to increased production of the protein have increased mature dendritic spines and dendritic spine density."
Mus musculus,Dab1,Disabled homolog 1,DAB1,13131,http://www.informatics.jax.org/javawi2/servlet/WIFetch?page=markerDetail&key=30143,http://mouse.brain-map.org/brain/Dab1.html?ispopup=11,DAB1_1_SM_HM,11580894,,Reelin pathway contributes to the formation of neuronal circuits in the CNS in addition to neuronal migration
Mus musculus,Dab1,Disabled homolog 1,DAB1,13131,http://www.informatics.jax.org/javawi2/servlet/WIFetch?page=markerDetail&key=30143,http://mouse.brain-map.org/brain/Dab1.html?ispopup=11,DAB1_1_SM_HM,11580894,,Reelin pathway contributes to the formation of neuronal circuits in the CNS in addition to neuronal migration
Mus musculus,Dhcr7,7-dehydrocholesterol reductase,DHCR7,13360,,,"DHCR7_3_HM,DHCR7_4_HT,DHCR7_1_KO_HM,DHCR7_2_KO_HT,DHCR7_1_KO_HT",11560960,11230174,Underlying dysfunction of the 5-HT2A receptors that warrants further investigation to establish how this may related to behavioral disturbances in human patients carrying Dhcr7 mutations
Mus musculus,Disc1,Disrupted in schizophrenia 1,DISC1,244667,http://www.informatics.jax.org/javawi2/servlet/WIFetch?page=markerDetail&key=82951,http://mouse.brain-map.org/brain/Disc1.html?ispopup=13,"DISC1_1_KO_HM,DISC1_2_KO_HT,DISC1_3_Q31L_HM,DISC1_4_Q31L_HT,DISC1_5_L100P_HM,DISC1_6_L100P_HT,DISC1_7_KI_DN_HM,DISC1_8_KI_H_HM,DISC1_11_KI_CC_HM,DISC1_10_KO_HT,DISC1_9_KO_HM",16484369,"1,748,139,317,675,400,000,000,000,000,000,000,000,000",Model provides insight into how DISC1 variation contributes to schizophrenia susceptibility in humans and have implications for modeling psychiatric diseases in mice.
Mus musculus,Disc1,Disrupted in schizophrenia 1,DISC1,244667,http://www.informatics.jax.org/javawi2/servlet/WIFetch?page=markerDetail&key=82951,http://mouse.brain-map.org/brain/Disc1.html?ispopup=13,"DISC1_1_KO_HM,DISC1_2_KO_HT,DISC1_3_Q31L_HM,DISC1_4_Q31L_HT,DISC1_5_L100P_HM,DISC1_6_L100P_HT,DISC1_7_KI_DN_HM,DISC1_8_KI_H_HM,DISC1_11_KI_CC_HM,DISC1_10_KO_HT,DISC1_9_KO_HM",16484369,"1,748,139,317,675,400,000,000,000,000,000,000,000,000",Model provides insight into how DISC1 variation contributes to schizophrenia susceptibility in humans and have implications for modeling psychiatric diseases in mice.
Mus musculus,Dlg4,"discs, large homolog 4 (Drosophila)",DLG4,13385,http://www.informatics.jax.org/javawi2/servlet/WIFetch?page=markerDetail&key=37283,http://mouse.brain-map.org/brain/Dlg4.html?ispopup=14,DLG4_1_KO_HM,20952458,,"Characterization of functional null mutation of PSD-95 for behavioral, dendritic, and molecular phenotypic abnormalities relevant to neurodevelopmental disorders"
Mus musculus,Dmd,"Dystrophin, muscular dystrophy",DMD,13405,http://www.informatics.jax.org/javawi2/servlet/WIFetch?page=markerDetail&key=7878,http://mouse.brain-map.org/brain/Dmd.html?ispopup=15,"DMD_1_KO_HM,DMD_2_CN_HM,DMD_3_KO_HM,DMD_4_KO_HM,DMD_5_MDX_HM,DMD_6_MDX_HM",15694376,"1,569,437,618,927,140,000,000,000,000,000,000,000,000",Alteration of amygdala local inhibitory neuronal circuits & enhancement of fear-motivated defensive behaviors
Mus musculus,Dmpk,dystrophia myotonica-protein kinase,DMPK,13400,http://www.informatics.jax.org/javawi2/servlet/WIFetch?page=markerDetail&key=7875,http://mouse.brain-map.org/brain/Dmpk.html?ispopup=16,"DMPK_1_KO_HM,DMPK_2_KO_HT",8673131,,Simple loss- or gain-of-expression of DMPK is not the only crucial requirement for development of myotonic dystrophy
Mus musculus,Dpp6,dipeptidyl peptidase 6,DPP6,13483,http://www.informatics.jax.org/marker/MGI:94921,,DPP6_1_KD,23832105,,DPP6 knock downs  have impaired learning and memory.
Mus musculus,Drd3,Dopamine receptor 3,DRD3,13490,http://www.informatics.jax.org/javawi2/servlet/WIFetch?page=markerDetail&key=7907,http://mouse.brain-map.org/brain/Drd3.html?ispopup=17,"DRD3_1_KO_HM,DRD3_2_KO_HT,DRD3_3_KO_HM",8700864,9354330,D3 receptors play an inhibitory role in the control of certain behaviors.
Mus musculus,Dscam,Down syndrome cell adhesion molecule,DSCAM,13508,http://www.ncbi.nlm.nih.gov/gene/13508,,"DSCAM_1_SP-del17_HM,DSCAM_2_SP-del17_HM_Thy1-YFP",23175819,,"Truncation of the Dscam gene product leads to severe hydrocephalus, decreased motor function and learning ability."
Mus musculus,Dvl1,Dishevelled segment polarity protein 1,DVL1,13542,,,"Dvl1_1_KO_HM,Dvl1_1_KO_HM_Betagal,Dvl1_1_KO_HM_Brdu,Dvl1_1_KO_HM_CHIR,Dvl1_2_KO_HM_Dvl3_DM,Dvl1_2_KO_HM_Dvl3_DM_Betagal,Dvl1_2_KO_HM_Dvl3_DM_Brdu,Dvl1_2_KO_HM_Dvl3_DM_CHIR",26830142,26830142,"Dvl1null animals display transient anomalies in neuroanatomy during embryonic development, have normal survival rates and display social deficits as adults"
Mus musculus,Dvl3,Dishevelled segment polarity protein 3,DVL3,13544,,,"Dvl1_2_KO_HM_Dvl3_DM,Dvl1_2_KO_HM_Dvl3_DM_Betagal,Dvl1_2_KO_HM_Dvl3_DM_Brdu,Dvl1_2_KO_HM_Dvl3_DM_CHIR,Dvl3_1_KO_HT",26830142,26830142,Dvl3 null embryos die perinatally whereas Dvl3 het mice survive displaying mild deficits in neuronal differentiation
Mus musculus,Dyrk1a,dual specificity tyrosine-Y- phosphorylation regulated kinase 1a,DYRK1A,13548,http://www.informatics.jax.org/marker/MGI:1330299,,"Dyrk1a_1_Tg_HM,Dyrk1a_1_KO_HM,Dyrk1a_2_KO_HT",11555628,,Dyrk1A mutants exhibit alterations in neuromotor development and learning and memory
Mus musculus,Eif4ebp2,eukaryotic translation initiation factor 4E binding protein 2,EIF4EBP2,13688,http://www.informatics.jax.org/marker/MGI:109198,http://mouse.brain-map.org/gene/show/13466,"EIF4EBP2_1_KO_HM,EIF4EBP2_1_KO_HM_4EGI1,EIF4EBP2_1_KO_HM_NLGN1,EIF4EBP2_1_KO_HM_NLGN2,EIF4EBP2_2_OE",23172145,,"Translational control by eIF4E regulates the synthesis of neuroligins, maintaining the excitation-to-inhibition balance, and its dysregulation engenders ASD-like phenotypes"
Mus musculus,En2,Engrailed 2,EN2,13799,http://www.informatics.jax.org/javawi2/servlet/WIFetch?page=markerDetail&key=8511,http://mouse.brain-map.org/brain/En2.html?ispopup=19,"EN2_4_PBDNEO_KO_HM,EN2_5_PBD_KO_HM,EN2_1_HD_KO_HM,EN2_2_HD_KO_HT,EN2_3_NTD_KO_HM",1672471,"106,407,011,693,526,000,000,000,000,000,000,000,000",Homozygous knockout mice display foliation defects in adult cerebellum
Mus musculus,Epha6,Eph receptor A6,EPHA6,13840,http://www.informatics.jax.org/javawi2/servlet/WIFetch?page=markerDetail&key=33343,http://mouse.brain-map.org/brain/Epha6.html?ispopup=20,EPHA6_1_KO_HM,18450376,,Epha6 is involved in neural  circuits underlying aspects of learning and memory
Mus musculus,Eps8,epidermal growth factor receptor pathway substrate 8,EPS8,13860,MGI:104684,,Eps8_1_KO_HM,,23685357,Mouse knock-outs of Eps8 display abnormal spine morphology and impaired potentiation
Mus musculus,Erbb4,v-erb-a erythroblastic leukemia viral oncogene homolog 4 (avian),ERBB4,13869,http://www.informatics.jax.org/javawi2/servlet/WIFetch?page=markerDetail&key=25031,http://mouse.brain-map.org/brain/Erbb4.html?ispopup=21,"ERBB4_1_KO_CN_Tg,ERBB4_2_CN_KO_HM",18632742,"1,965,532,020,080,550",First plausible link between NRG-1/ErbB4 signaling and rhythmic network activity that may be altered in persons with schizophrenia
Mus musculus,Esrrb,"Estrogen related receptor, beta",ESRRB,26380,http://www.informatics.jax.org/javawi2/servlet/WIFetch?page=markerDetail&key=43303,http://mouse.brain-map.org/brain/Esrrb.html?ispopup=22,"ESRRB_1_CN_KO_HM,ESRRB_2_M_CN_KO_HM",17765677,,Identification of a set of genes that is likely to play a role in the development and/or function of endolymph-producing epithelia.
Mus musculus,Ext1,exostoses (multiple) 1,EXT1,14042,http://www.informatics.jax.org/javawi2/servlet/WIFetch?page=markerDetail&key=32933,http://mouse.brain-map.org/gene/show/13819,EXT1_1_CN_KO_HM,22411800,,Heparan Sulfate is critical for normal functioning of glutamatergic synapses and its deficiency mediates socio-communicative deficits and stereotypies characteristic for autism
Mus musculus,Fezf2,Fez family zinc finger 2,FEZF2,54713,http://www.informatics.jax.org/javawi2/servlet/WIFetch?page=markerDetail&key=46897,http://mouse.brain-map.org/brain/Fezf2.html?ispopup=23,FEZF2_1_KO_HM,15188439,,Possible link between the transcriptional regulation of forebrain development and hyperactive behavio
Mus musculus,Fmr1,fragile X mental retardation syndrome 1 homolog,FMR1,14265,http://www.informatics.jax.org/javawi2/servlet/WIFetch?page=markerDetail&key=8856,http://mouse.brain-map.org/brain/Fmr1.html?ispopup=24,"FMR1_10_KO_HM,FMR1_1_KO_HM,FMR1_3_KO_HM,FMR1_4_CN_KO_HM,FMR1_9_KO_HM,FMR1_2_KO_HM,FMR1_1_KO_HM_Lithium-acute,FMR1_1_KO_HM_Lithium-chronic,FMR1_1_KO_HM_MPEP,FMR1_6_I304N_HM,FMR1_11_KO_HM,FMR1_5_KI_HM,FMR1_1_KO_HM_APP,FMR1_1_KO_HM_MIN,FMR1_2_KO_HM_CTEP_A,FMR1_2_KO_HM_CTEP_C,FMR1_8_KO_HM,FMR1_8_KO_HM_S6K1_DM-hm,FMR1_8_KO_HM_S6K1_DM-ht,FMR1_7_KO_HM,FMR1_7_KO_HM_FRAX486_H,FMR1_7_KO_HM_FRAX486_L,FMR1_7_KO_HM_FRAX486_L_d,FMR1_7_KO_HM_FRAX486_M,FMR1_7_KO_HM_FRAX486_M_d,FMR1_7_KO_HM_FRAX486_M_s,FMR1_7_KO_HM_MIN,Fmr1_1_KO_HM_5HT2bAG+D1AG+PI3K inhibitor,Fmr1_1_KO_HM_5HT2bAG-CA1,Fmr1_1_KO_HM_5HT2bAG-L2-3,Fmr1_1_KO_HM_5HT2bAG_D1AG,Fmr1_1_KO_HM_D1AG-CA1,Fmr1_1_KO_HM_D1AG-L2-3,Fmr1_1_KO_HM_GluA1CT-5HT2bAG+D1AG,FMR1_3_KO_HM-Bumetanide,SYNGAP1_9_KO_FMR1_DM",8033209,###############################################################################################################################################################################################################################################################,Fragile X Syndrome
Mus musculus,Fmr1,fragile X mental retardation syndrome 1 homolog,FMR1,14265,http://www.informatics.jax.org/javawi2/servlet/WIFetch?page=markerDetail&key=8856,http://mouse.brain-map.org/brain/Fmr1.html?ispopup=24,"FMR1_10_KO_HM,FMR1_1_KO_HM,FMR1_3_KO_HM,FMR1_4_CN_KO_HM,FMR1_9_KO_HM,FMR1_2_KO_HM,FMR1_1_KO_HM_Lithium-acute,FMR1_1_KO_HM_Lithium-chronic,FMR1_1_KO_HM_MPEP,FMR1_6_I304N_HM,FMR1_11_KO_HM,FMR1_5_KI_HM,FMR1_1_KO_HM_APP,FMR1_1_KO_HM_MIN,FMR1_2_KO_HM_CTEP_A,FMR1_2_KO_HM_CTEP_C,FMR1_8_KO_HM,FMR1_8_KO_HM_S6K1_DM-hm,FMR1_8_KO_HM_S6K1_DM-ht,FMR1_7_KO_HM,FMR1_7_KO_HM_FRAX486_H,FMR1_7_KO_HM_FRAX486_L,FMR1_7_KO_HM_FRAX486_L_d,FMR1_7_KO_HM_FRAX486_M,FMR1_7_KO_HM_FRAX486_M_d,FMR1_7_KO_HM_FRAX486_M_s,FMR1_7_KO_HM_MIN,Fmr1_1_KO_HM_5HT2bAG+D1AG+PI3K inhibitor,Fmr1_1_KO_HM_5HT2bAG-CA1,Fmr1_1_KO_HM_5HT2bAG-L2-3,Fmr1_1_KO_HM_5HT2bAG_D1AG,Fmr1_1_KO_HM_D1AG-CA1,Fmr1_1_KO_HM_D1AG-L2-3,Fmr1_1_KO_HM_GluA1CT-5HT2bAG+D1AG,FMR1_3_KO_HM-Bumetanide,SYNGAP1_9_KO_FMR1_DM",8033209,###############################################################################################################################################################################################################################################################,Fragile X Syndrome
Mus musculus,Folh1,folate hydrolase,FOLH1,53320,http://www.informatics.jax.org/javawi2/servlet/WIFetch?page=markerDetail&key=46335,http://mouse.brain-map.org/gene/show/32800,"FOLH1_1_KO_HT,FOLH1_2_KO_HM,FOLH1_1_KO_HT_FD",19347959,22076974,Folh1 knockout appears to be both a good model to study NMDA receptor hypofunction as well as some of the behavioral characteristics of schizophrenia
Mus musculus,Foxg1,Forkhead box G1,FOXG1,15228,http://www.informatics.jax.org/javawi2/servlet/WIFetch?page=markerDetail&key=43537,http://mouse.brain-map.org/brain/Foxg1.html?ispopup=94,FOXG1_1_KI_HT,17640820,,"Important role for Foxg1 in cortical development, reveal noteworthy complexity in the invocation of specific mechanisms underlying phenotypes."
Mus musculus,Foxp1,forkhead box P1,FOXP1,108655,http://www.informatics.jax.org/marker/MGI:1914004,http://mouse.brain-map.org/brain/Foxp1.html?ispopup=25,"FOXP1_1_CKO_HM,FOXP1_2_CKO_HT,FOXP1_3_KO_HT,FOXP1_4_KO_HT,FOXP1_5_KO_HT",25266127,26494785,"Homozygous conditional brain-specific knockout mice display neuroanatomical anomalies in the striatum and hippocampus, as well as altered spontaneous synaptic transmission, and impaired cognitive function and social behavior"
Mus musculus,Foxp2,forkhead box P2,FOXP2,114142,http://www.informatics.jax.org/javawi2/servlet/WIFetch?page=markerDetail&key=75771,http://mouse.brain-map.org/brain/Foxp2.html?ispopup=25,"FOXP2_1_KO_HM,FOXP2_2_KO_HT,FOXP2_3_CN_KO_HM,FOXP2_4_CN_KO_HT,FOXP2_5_KI_HM,FOXP2_6_KO_HT,FOXP2_7_R552H_HT,FOXP2_8_S321X_HT",15983371,"176,192,271,949,089,000,000,000","Homozygous knockout mice display severe motor impairment, postnatal lethality, and reduced ultrasonic vocalizations."
Mus musculus,Gabra5,"Gamma-aminobutyric acid (GABA) A receptor, subunit alpha 5",GABRA5,110886,http://www.informatics.jax.org/marker/MGI:95617,http://mouse.brain-map.org/gene/show/75040,GABRA5_1_KO_HM,27231709,,Deletion of GABRA5 in mice causes autism-like symptoms including reduced social interaction and ultrasonic vocalizations
Mus musculus,Gabrb3,"gamma-aminobutyric acid (GABA) A receptor, subunit beta 3",GABRB3,14402,http://www.informatics.jax.org/javawi2/servlet/WIFetch?page=markerDetail&key=8952,http://mouse.brain-map.org/brain/Gabrb3.html?ispopup=26,"GABRB3_1_KO_HM,GABRB3_3_KO_HT_m,GABRB3_4_KO_HT_p,GABRB3_5_KO_HT_p,GABRB3_6_KO_HT_m,GABRB3_7_KO_HT,GABRB3_8_CKO_HM,GABRB3_8_CKO_HT,GABRB3_9_CKO_HT,GABRB3_1_KO_HM_baclo,GABRB3_1_KO_HM_Carba,GABRB3_1_KO_HM_CGP,GABRB3_1_KO_HM_Clona,GABRB3_1_KO_HM_Etho,GABRB3_1_KO_HM_THIP,GABRB3_1_KO_HM_VPA,GABRB3_2_KO_HT",9763493,"158,782,041,798,367,000,000,000,000,000,000,000,000",Loss of Gabrb3 is sufficient to cause phenotypic traits that have marked similarities to the clinical features of Angelman Syndrome
Mus musculus,Gad1,glutamate decarboxylase 1,GAD1,14415,http://www.informatics.jax.org/marker/MGI:95632,,Gad1_2_KO_HT,,24612522,Gad1 KO mice die at birth with cleft palate and apnea. They have decreased levels of glutamic acid decarboxylase and gamma-aminobutyric acid in the cerebral cortex
Mus musculus,Gadd45b,growth arrest and DNA-damage-inducible 45 beta,GADD45B,17873,http://www.informatics.jax.org/marker/MGI:107776,http://mouse.brain-map.org/gene/show/17640,GADD45B_1_KO_HM,22802593,,"Gadd45b may be a novel therapeutic target for the cognitive deficits associated with many neurodevelopmental, neurological, and psychiatric disorders"
Mus musculus,Gadd45b,growth arrest and DNA-damage-inducible 45 beta,GADD45B,17873,http://www.informatics.jax.org/marker/MGI:107776,http://mouse.brain-map.org/gene/show/17640,GADD45B_1_KO_HM,22802593,,"Gadd45b may be a novel therapeutic target for the cognitive deficits associated with many neurodevelopmental, neurological, and psychiatric disorders"
Mus musculus,Gap43,growth associated protein 43,GAP43,14432,http://www.informatics.jax.org/javawi2/servlet/WIFetch?page=markerDetail&key=8980,http://mouse.brain-map.org/brain/Gap43.html?ispopup=27,GAP43_1_KO_HT,20707874,,Development of a subset of autistic-like symptoms
Mus musculus,Glra2,"glycine receptor, alpha 2 subunit",GLRA2,237213,http://www.informatics.jax.org/javawi2/servlet/WIFetch?page=markerDetail&key=9145,http://mouse.brain-map.org/brain/Glra2.html?ispopup=28,GLRA2_1_KO_HM,16847326,,Glra2 knockout mice did not show any electrophysiological responses to glycine.
Mus musculus,Grid1,"glutamate receptor, ionotropic, delta 1",GRID1,14803,http://www.informatics.jax.org/javawi2/servlet/WIFetch?page=markerDetail&key=9264,http://mouse.brain-map.org/gene/show/14579,GRID1_1_KO_HM,22412961,,Deletion of Grid1 leads to aberrant circuitry in prefrontal cortex and amygdala owing to its potential role in presynaptic differentiation and synapse formation
Mus musculus,Grid2,"glutamate receptor, ionotropic, delta 2",GRID2,14804,MGI:95813,,"Grid2_1_SP_Del,Grid2_2_KO_HM",24078737,,Grid2 loss of function mutation leads to  ataxia and cerebellar disorders along with eye movement abnormalities
Mus musculus,Grik2,"glutamate receptor, ionotropic, kainate 2 (beta 2)",GRIK2,14806,http://www.informatics.jax.org/marker/MGI:95815,http://mouse.brain-map.org/gene/show/14582,GRIK2_1_KO_HM,23223307,,"Mutation in a gene linked to ID in the human may lead to a transiet reduction of synaptic strength during postnatal development, impacting on the proper formation of neural circuits linked to memory"
Mus musculus,Grik4,"Glutamate receptor, ionotropic, kainate 4",GRIK4,110637,http://www.informatics.jax.org/marker/MGI:95817,,"Grik4_3_KO_HM,Grik4_2_KO_HM,Grik4_2_KO_HM_Kainate,Grik4_1_TG,Grik4_1_TG_Flouxetine,Grik4_1_TG_Tianeptine",,"222,031,592,335,711,000,000,000",Overexpression of Grik4 in the forebrain of mice causes social impairment and increase in anxiety as well as changes in synaptic transmission in the hippocampal trisynaptic circuit.
Mus musculus,Grin1,"glutamate receptor, ionotropic, NMDA1 (zeta 1)",GRIN1,14810,http://www.informatics.jax.org/marker/MGI:95819,http://mouse.brain-map.org/gene/show/14586,"GRIN1_1_KO_HM,GRIN1_1_KO_HM_BCL,GRIN1_1_KO_HM_L838417,GRIN1_1_KO_HM_RSP,GRIN1_2_CN_KO_HM,GRIN1_3_KO_HT,GRIN1_3_KO_HT_MK-801",22806213,"2,344,109,424,211,370","A clinically relevant, highly translatable neural-activity-based biomarker for preclinical screening and therapeutic development across a broad range of disorders that share common endophenotypes and disrupted NMDA-receptro signaling"
Mus musculus,Grin2b,"glutamate receptor, ionotropic, NMDA2B (epsilon 2)",GRIN2B,14812,http://www.informatics.jax.org/marker/MGI:95821,,"Grin2b_1_CN_KO_HM,Grin2b_2_CN_KO_HM,Grin2b_3_WT_ANT",20357110,,"Changes in learning, especially flexibility or reversal learning are seen in mouse models that have conditional deletions in Grin2b ( knocked out post natally in specific parts of the forebrain)"
Mus musculus,Grip1,glutamate receptor interacting protein 1,GRIP1,74053,http://www.informatics.jax.org/javawi2/servlet/WIFetch?page=markerDetail&key=58033,http://mouse.brain-map.org/brain/Grip1.html?ispopup=29,"GRIP1_1_KO_HM,GRIP1_2_KO_HM",14730302,,Inactivation of Grip1 causes Fraser syndrome-like defects in mice
Mus musculus,Grm5,"glutamate receptor, metabotropic 5",GRM5,108071,MGI:1351342,,"Grm5_3_CN_KO_CortGlxNeu,Grm5_4_CN_KO_CortGlxNeu,Grm5_5_CN_KO_CortGlxNeu- MPEP,Grm5_5_CN_KO_CortGlxNeu-Ritalin,Grm5_6_cKO_HM_PVN,Grm5_6_cKO_HM_PVN_Amphetamine,Grm5_6_cKO_HM_PVN_PCP-1,Grm5_6_cKO_HM_PVN_PCP-2,Grm5_6_cKO_HM_PVN_PCP-3,Grm5_6_cKO_HM_PVN_PCP-4,Grm5_1_KO_HM,Grm5_2_KO_HT",9185557,"2,394,057,226,260,490",Grm5 null mice display impaired synaptic plasticity
Mus musculus,Grm8,"glutamate receptor, metabotropic 8",GRM8,14823,http://www.informatics.jax.org/javawi2/servlet/WIFetch?page=markerDetail&key=45058,http://mouse.brain-map.org/brain/Grm8.html?ispopup=30,GRM8_1_KO_HM,16045496,,"KO mice are heavier, mildly insulin resistant, display aberrant exploratory activity, and increased anxiety."
Mus musculus,Grpr,gastrin releasing peptide receptor,GRPR,14829,http://www.informatics.jax.org/javawi2/servlet/WIFetch?page=markerDetail&key=9290,http://mouse.brain-map.org/brain/Grpr.html?ispopup=31,"GRPR_5_HM,GRPR_1_KO,GRPR_2_KO_HE,GRPR_3_KO_HT,GRPR_4_KO_HM",9345264,"176,531,969,501,238","GRPR deficient mice showed significantly increased locomotor activity during the dark period, social responses. Aggressive scores such as fighting and biting were not altered in the mutant mice"
Mus musculus,Gsk3b,glycogen synthase kinase 3 beta,GSK3B,56637,http://www.informatics.jax.org/javawi2/servlet/WIFetch?page=markerDetail&key=47273,http://mouse.brain-map.org/brain/Gsk3b.html?ispopup=98,GSK3B_1_KI_HM,20300527,,
Mus musculus,Gstm1,"Glutathione S-transferase, mu 1",GSTM1,14862,http://www.informatics.jax.org/javawi2/servlet/WIFetch?page=markerDetail&key=33080,http://mouse.brain-map.org/brain/Gstm1.html?ispopup=100,GSTM1_1_KO_HM,20178820,,GSTM1 genotype may confer protection against VPA-induced neuronal death
Mus musculus,Gtf2i,general transcription factor II I,GTF2I,14886,http://www.informatics.jax.org/javawi2/servlet/WIFetch?page=markerDetail&key=35866,http://mouse.brain-map.org/brain/Gtf2i.html?ispopup=32,"GTF2I_1_KO_HM,GTF2I_2_KO_HT",21328569,,Involvement in several aspects of embryonic development and the development of social neurocircuitry; contributor to hypersociability in Williams Syndrome
Mus musculus,Hdac3,Histone deacetylase 3,HDAC3,15183,http://www.informatics.jax.org/marker/MGI:1343091,http://mouse.brain-map.org/experiment/show?id=71232781,HDAC3_1_cKO_HM,27428650,,"Neuronal deletion of Hdac3 in mice elicits abnormal locomotor coordination, sociability and cognition"
Mus musculus,Hdac4,Histone deacetylase 4,HDAC4,208727,http://www.informatics.jax.org/javawi2/servlet/WIFetch?page=markerDetail&key=104540,http://mouse.brain-map.org/brain/Hdac4.html?ispopup=95,"HDAC4_1_KO_HM,HDAC4_2_Tg_HM",15537544,,HDAC4 as a central regulator of chondrocyte hypertrophy and skeletogenesis and suggest general roles for class II HDACs in the control of cellular hypertrophy.
Mus musculus,Hmgn1,High mobility group nucleosomal binding domain 1,HMGN1,15312,http://www.informatics.jax.org/javawi2/servlet/WIFetch?page=markerDetail&key=9770,http://mouse.brain-map.org/gene/show/15087,"HMGN1_1_OE_HM,HMGN1_2_KO_HM",22009741,22009741,HMGN1 is an epigenetic factor that contributes to the development of neurodevelopmental disorders
Mus musculus,Homer1,homer homolog 1,HOMER1,26556,http://www.informatics.jax.org/marker/MGI:1347345,http://mouse.brain-map.org/gene/show/26303,"HOMER1_3_KO_HM,HOMER1_2_OE_HM,HOMER1_2_OE_HM_Art,HOMER1_1_KO_HM",,"152,941,472,159,593,000,000,000",Dynamic epigenetic regulation of Homer1 following BDNF-induced plasticity
Mus musculus,Homer1,homer homolog 1,HOMER1,26556,http://www.informatics.jax.org/marker/MGI:1347345,http://mouse.brain-map.org/gene/show/26303,"HOMER1_3_KO_HM,HOMER1_2_OE_HM,HOMER1_2_OE_HM_Art,HOMER1_1_KO_HM",,"152,941,472,159,593,000,000,000",Dynamic epigenetic regulation of Homer1 following BDNF-induced plasticity
Mus musculus,Hoxa1,Homeobox A1,HOXA1,15394,http://www.informatics.jax.org/javawi2/servlet/WIFetch?page=markerDetail&key=9885,http://mouse.brain-map.org/brain/Hoxa1.html?ispopup=33,"HOXA1_3_KO_HM,HOXA1_1_KO_HM,HOXA1_2_KO_HT",1680563,"13,469,221,680,563",Implication of the function of the Hox network during mouse embryogenesis
Mus musculus,Htr1b,5-hydroxytryptamine (serotonin) receptor 1B,HTR1B,15551,http://www.informatics.jax.org/javawi2/servlet/WIFetch?page=markerDetail&key=10014,http://mouse.brain-map.org/brain/Htr1b.html?ispopup=34,"HTR1B_1_KO_HM,HTR1B_2_KO_HT",8091214,8091214,Participation of receptors in aggressive behavior
Mus musculus,Htr2a,5-hydroxytryptamine (serotonin) receptor 2A,HTR2A,15558,http://www.informatics.jax.org/javawi2/servlet/WIFetch?page=markerDetail&key=31828,http://mouse.brain-map.org/brain/Htr2a.html?ispopup=35,"HTR2A_1_KO_HM,HTR2A_2_CN_KI_HM,HTR2A_3_KO_HM,HTR2A_4_KO_HM",16873667,16905592,"Indicate a specific role for cortical 5HT2AR function in the modulation of conflict anxiety, consistent with models of cortical, top-down"" influences on risk assessment."""
Mus musculus,Htr3a,5-hydroxytryptamine (serotonin) receptor 3A,HTR3A,15561,http://www.informatics.jax.org/javawi2/servlet/WIFetch?page=markerDetail&key=10023,http://mouse.brain-map.org/brain/Htr3a.html?ispopup=36,"HTR3A_3_KO_HM,HTR3A_1_V13S_HM,HTR3A_2_V13S_HT",15201326,11826129,"Persistent activation of the hypersensitive and constitutively active 5-HT3A receptor in vivo may lead to excitotoxic neuronal cell death and functional changes in the urinary bladder, resulting in bladder hyperdistension, urinary retention, and overflow incontinence"
Mus Musculus,Ifng,Interferon gamma,IFNG,15978,http://www.informatics.jax.org/marker/MGI:107656,http://mouse.brain-map.org/gene/show/15751,"Ifng_1_KO_HM,Ifng_1_KO_HM_diazepam,Ifng_1_KO_HM_rec-IFNG",27409813,,"Mice deficient in interferon gamma have increased susceptibility to viral, bacterial and parasitic infections and to autoimmune diseases and have impaired social behavior"
Mus musculus,Il1rapl1,interleukin 1 receptor accessory protein-like 1,IL1RAPL1,317553,http://www.informatics.jax.org/javawi2/servlet/WIFetch?page=markerDetail&key=94884,http://mouse.brain-map.org/brain/Il1rapl1.html?ispopup=37,"IL1RAPL1_1_KO_HM,IL1RAPL1_2_KO_HM",20096586,25312502,KO mouse show a reduction of both dendritic spine density and excitatory synapses in the CA1 region of the hippocampus associated with specific deficits in hippocampal long-term synaptic plasticity.
Mus musculus,Immp2l,IMP2 inner mitochondrial membrane peptidase-like,IMMP2L,93757,http://www.informatics.jax.org/javawi2/servlet/WIFetch?page=markerDetail&key=64625,http://mouse.brain-map.org/brain/Immp2l.html?ispopup=38,"IMMP2L_1_Tg_HM,IMMP2L_2_Tg_HT",18094351,,Novel link between mitochondrial dysfunction and infertility and suggest that superoxide ion targeting agents may prove useful for treating infertility in a subpopulation of infertile patients
Mus musculus,Itgb3,integrin beta 3,ITGB3,16416,http://www.informatics.jax.org/javawi2/servlet/WIFetch?page=markerDetail&key=10506,http://mouse.brain-map.org/brain/Itgb3.html?ispopup=39,"ITGB3_1_KO_HM,ITGB3_2_KO_HT",21254450,22557981,Altered social and repetitive behavior which suggests that the integrin beta3 subunit may be involved in brain systems relevant to ASD
Mus musculus,Jakmip1,janus kinase and microtubule interacting protein 1,JAKMIP1,152789,http://www.informatics.jax.org/marker/MGI:1923321,http://mouse.brain-map.org/gene/show/51912,JAKMIP1_1_KO_HM,,26627310,JAKMIP1 is an RNA binding protein
Mus musculus,Kcnma1,"potassium large conductance calcium-activated channel, subfamily M, alpha member 1",KCNMA1,16531,http://www.informatics.jax.org/javawi2/servlet/WIFetch?page=markerDetail&key=34705,http://mouse.brain-map.org/brain/Kcnma1.html?ispopup=40,"KCNMA1_3_HM,KCNMA1_1_HM,KCNMA1_2_HM",15194823,"1,518,437,716,763,020","Identification of previously unknown roles of potassium channels in mammalian cerebellar function and motor control. In addition, they provide a previously undescribed animal model of cerebellar ataxia"
Mus musculus,Kcnq2,"potassium voltage-gated channel, subfamily Q, member 2",KCNQ2,16536,http://www.informatics.jax.org/javawi2/servlet/WIFetch?page=markerDetail&key=38057,http://mouse.brain-map.org/brain/Kcnq2.html?ispopup=41,KCNQ2_1_VM_HT,21156207,,"Mutant mice exhibit increased susceptibility to induced seizures, and rare spontaneous seizures as adults."
Mus musculus,Lrrc7,Leucine rich repeat containing 7,LRRC7,242274,http://www.informatics.jax.org/javawi2/servlet/WIFetch?page=markerDetail&key=93082,http://mouse.brain-map.org/gene/show/88932,LRRC7_1_KO_HM,22072671,,Densin influences the function of mGluRs and CaMKII at synapses and contributes to localization of mGluR5 and DISC1 in the PSD fraction
Mus musculus,Magel2,"melanoma antigen, familyL,2",MAGEL2,27385,http://www.informatics.jax.org/marker/MGI:1351648,,Magel2_1_KO_HT_m+p-,17893678,17728320,Magel2 KO mice display increased weight gain post weaning and circadian rhythm abnormalities.
Mus musculus,Maoa,Monoamine Oxidase A,MAOA,17161,http://www.informatics.jax.org/javawi2/servlet/WIFetch?page=markerDetail&key=11128,http://mouse.brain-map.org/brain/Maoa.html?ispopup=42,"MAOA_2_A863T_HM,MAOA_3_KO_HM,MAOA_1_KO_HM",7792602,"2,115,609,322,850,460","NE concentrations were increased up to twofold, and cytoarchitectural changes were observed in the somatosensory cortex. Pup behavioral alterations, including trembling, difficulty in righting, and fearfulness were reversed by the serotonin synthesis inhibitor parachlorophenylalanine. Adults manifested a distinct behavioral syndrome, including enhanced aggression in males."
Mus musculus,Mapk1,mitogen-activated protein kinase 1,MAPK1,26413,http://www.informatics.jax.org/javawi2/servlet/WIFetch?page=markerDetail&key=43337,http://mouse.brain-map.org/brain/Mapk1.html?ispopup=99,MAPK1_1_CN_KO_HM,21849556,,"Mutant mice exhibited marked anomalies in multiple aspects of social behaviors, decreased anxiety-related behaviors and impaired long-term memory."
Mus musculus,Mapk8ip2,mitogen-activated protein kinase 8 interacting protein 2,MAPK8IP2,60597,http://www.informatics.jax.org/javawi2/servlet/WIFetch?page=markerDetail&key=48595,http://mouse.brain-map.org/brain/Mapk81p2.html?ispopup=43,MAPK8IP2_1_CN_KO_HM,21048139,,"Mutant mice exhibit reduced AMPA and enhanced NMDA receptor-mediated glutamatergic transmission in cerebellum, altered morphology of Purkinje cell dendritic arbors, and motor and cognitive deficits suggesting an autism phenotype"
Mus musculus,Mbd3,methyl-CpG binding domain protein 3,MBD3,17192,http://www.informatics.jax.org/javawi2/servlet/WIFetch?page=markerDetail&key=39859,http://mouse.brain-map.org/brain/Mbd3.html?ispopup=45,MBD3_1_KO_HM,11274056,,In vivo functions and interrelationships of MBD2 and MBD3
Mus musculus,Mcph1,"microcephaly, primary autosomal recessive 1",MCPH1,244329,http://www.informatics.jax.org/javawi2/servlet/WIFetch?page=markerDetail&key=84442,http://mouse.brain-map.org/brain/Mcph1.html?ispopup=46,"MCPH1_1_KO_HM,MCPH1_2_KO_HT",20107607,,Better define the physiological role and demonstrate MCPH1's essential role in regulation of both programmed and IR-induced DNA damage response
Mus musculus,Mecp2,methyl CpG binding protein 2,MECP2,17257,http://www.informatics.jax.org/javawi2/servlet/WIFetch?page=markerDetail&key=15763,http://mouse.brain-map.org/brain/Mecp2.html?ispopup=47,"MECP2_12_KO_HT,MECP2_5_KO_HE,MECP2_6_CN_KO_HM,MECP2_1_KO_HM,MECP2_2_CN_KO,MECP2_3_CN_HM,MECP2_4_308T,MECP2_34_TG,MECP2_16_KO_HE,MECP2_11_KO_HE,MECP2_10_KO_HM,MECP2_10_KO_HM_Ampakine,MECP2_7_S80A_KI_HM,MECP2_8_CN_KD_HM,MECP2_10_PET1_CN_KO_HM,MECP2_9_TH_CN_KO_HM,MECP2_13_KO_HE,MECP2_14_A140V_HE,MECP2_15_A140V_HT,MECP2_17_CN_KO_HE,MECP2_18_CN_KO_HE,MECP2_19_CKO_HE,MECP2_20_T158A_HE,MECP2_21_T158A_HT,MECP2_22_KO_HE,MECP2_12_KO_HT_CYS,MECP2_12_KO_HT_Cort_H,MECP2_12_KO_HT_Cort_L,MECP2_12_KO_HT_RU486,MECP2_16_KO_HE_Cort_H,MECP2_16_KO_HE_Cort_L,MECP2_16_KO_HE_RU486,MECP2_5_KO_HE_DHF,MECP2_35_TG,MECP2_36_TG,MECP2_23_308T_HT,MECP2_24_308T_HE,MECP2_25_308T_HT_BDE47,MECP2_26_OE_HM,MECP2_27_KO_HT,MECP2_28_KO_HT,MECP2_29_KO_HT,MECP2_30_KO_HM,MECP2_30_KO_HM_ALC,MECP2_31_KO_HT,MECP2_31_KO_HT_ALC,MECP2_32_CKO_HE_PVN,MECP2_33_CKO_HE_SOMN,MECP2_36_TG_ASO1,MECP2_36_TG_ASO2,MECP2_36_TG_ASO3,MECP2_36_TG_ASO4,MECP2_36_TG_ASO5,MECP2_37_TG,MECP2_38_TG_Cre,MECP2_39_KI_R306C_HE,MECP2_40_KI_STOP_HE,MECP2_40_KI_STOP_HE_Avl-cre,MECP2_41_CKO_HE,MECP2_42_CKO_HE,MECP2_43_CKO_HT,MECP2_44_CKO_HT",11242118,"11242117,12160743,15351775,15977646,16467389,17913925,19225110,19812320,19998492,20007372,20138994,20163734,20392952,21068835,22119903,22127389,22186023,22194327,22231481,22249109,22343140,22378884,23026749,23227269,25088363,26158416,26590342,26605526,27293187",Mecp2 duplication caused intellectual disability and autism; restoration of MeCP2 copy number in the adult abrogates the symptoms of autism
Mus musculus,Mecp2,methyl CpG binding protein 2,MECP2,17257,http://www.informatics.jax.org/javawi2/servlet/WIFetch?page=markerDetail&key=15763,http://mouse.brain-map.org/brain/Mecp2.html?ispopup=47,"MECP2_12_KO_HT,MECP2_5_KO_HE,MECP2_6_CN_KO_HM,MECP2_1_KO_HM,MECP2_2_CN_KO,MECP2_3_CN_HM,MECP2_4_308T,MECP2_34_TG,MECP2_16_KO_HE,MECP2_11_KO_HE,MECP2_10_KO_HM,MECP2_10_KO_HM_Ampakine,MECP2_7_S80A_KI_HM,MECP2_8_CN_KD_HM,MECP2_10_PET1_CN_KO_HM,MECP2_9_TH_CN_KO_HM,MECP2_13_KO_HE,MECP2_14_A140V_HE,MECP2_15_A140V_HT,MECP2_17_CN_KO_HE,MECP2_18_CN_KO_HE,MECP2_19_CKO_HE,MECP2_20_T158A_HE,MECP2_21_T158A_HT,MECP2_22_KO_HE,MECP2_12_KO_HT_CYS,MECP2_12_KO_HT_Cort_H,MECP2_12_KO_HT_Cort_L,MECP2_12_KO_HT_RU486,MECP2_16_KO_HE_Cort_H,MECP2_16_KO_HE_Cort_L,MECP2_16_KO_HE_RU486,MECP2_5_KO_HE_DHF,MECP2_35_TG,MECP2_36_TG,MECP2_23_308T_HT,MECP2_24_308T_HE,MECP2_25_308T_HT_BDE47,MECP2_26_OE_HM,MECP2_27_KO_HT,MECP2_28_KO_HT,MECP2_29_KO_HT,MECP2_30_KO_HM,MECP2_30_KO_HM_ALC,MECP2_31_KO_HT,MECP2_31_KO_HT_ALC,MECP2_32_CKO_HE_PVN,MECP2_33_CKO_HE_SOMN,MECP2_36_TG_ASO1,MECP2_36_TG_ASO2,MECP2_36_TG_ASO3,MECP2_36_TG_ASO4,MECP2_36_TG_ASO5,MECP2_37_TG,MECP2_38_TG_Cre,MECP2_39_KI_R306C_HE,MECP2_40_KI_STOP_HE,MECP2_40_KI_STOP_HE_Avl-cre,MECP2_41_CKO_HE,MECP2_42_CKO_HE,MECP2_43_CKO_HT,MECP2_44_CKO_HT",11242118,"11242117,12160743,15351775,15977646,16467389,17913925,19225110,19812320,19998492,20007372,20138994,20163734,20392952,21068835,22119903,22127389,22186023,22194327,22231481,22249109,22343140,22378884,23026749,23227269,25088363,26158416,26590342,26605526,27293187",Mecp2 duplication caused intellectual disability and autism; restoration of MeCP2 copy number in the adult abrogates the symptoms of autism
Mus musculus,Mef2c,myocyte enhancer factor 2C,MEF2C,17260,http://www.informatics.jax.org/javawi2/servlet/WIFetch?page=markerDetail&key=15264,http://mouse.brain-map.org/brain/Mef2c.html?ispopup=48,"MEF2C_1_KO_HM,MEF2C_2_CN_KO_HM,MEF2C_3_CN_KO_HM,MEF2C_4_KO_HM,MEF2C_5_VP16_Tg",16106363,18599438,"Mef2c is required for the early development of the heart, it is not necessary for the formation of the heart after looping morphogenesis"
Mus musculus,Met,met proto-oncogene,MET,17259,http://www.informatics.jax.org/searches/allele_report.cgi?markerID=MGI:96969,http://mouse.brain-map.org/brain/Met.html?ispopup=49,"MET_5_CN_KO_HM,MET_6_GRB2_HM,MET_6_CN_KO_HM,MET_7_CN_KO_HT,MET_1_KO_HM,MET_2_KO_HT,MET_3_KI_Y1349F,MET_4_KI_N1358H",7651534,"150,707,431,852,489,000,000,000,000,000,000,000,000",Identified of a paracrine signalling system that regulates migration of myogenic precursor cells.
Mus musculus,Nbea,neurobeachin,NBEA,26422,http://www.informatics.jax.org/javawi2/servlet/WIFetch?page=markerDetail&key=43458,http://mouse.brain-map.org/brain/Nbea.html?ispopup=50,"NBEA_1_KO_HM,NBEA_2_GH240B_HT",19723784,23153818,"Novel function of Nbea at central synapses that may be based on its presumed role in targeting membrane proteins to synaptic contacts, and are consistent with the 'excitatory-inhibitory imbalance' model of autism where Nbea gene rearrangements have been detected in some patients."
Mus musculus,Nf1,neurofibramatosis 1,NF1,18015,http://www.informatics.jax.org/javawi2/servlet/WIFetch?page=markerDetail&key=11841,http://mouse.brain-map.org/brain/Nf1.html?ispopup=51,"NF1_6_KO_HM,NF1_7_KO_HT,NF1_5_CN_KO,NF1_4_N31_HT,NF1_4_N31_HT_IPA3,NF1_8_N31_HT_PAK1_KO,NF1_3_N31_HM,NF1_1_NLM_HM,NF1_2_NLM_HT",7926784,"112,795,211,129,751,000,000,000,000,000,000,000,000",New roles for NF1 in development and indicate that some of the abnormal growth phenomena observed in NF1 patients can be recapitulated in neurofibromin deficient mice.
Mus musculus,Nlgn1,neuroligin 1,NLGN1,192167,http://www.informatics.jax.org/javawi2/servlet/WIFetch?page=markerDetail&key=80317,http://mouse.brain-map.org/brain/Nlgn1.html?ispopup=52,"NLGN1_1_KO_ HM,NLGN1_2_Tg_HM,NLGN1_3_Tg_HM",16982420,"199,321,342,014,753,000,000,000","Neuroligins are required for proper synapse maturation and brain function, but not for the initial formation of synaptic contacts."
Mus musculus,Nlgn2,neuroligin 2,NLGN2,216856,http://www.informatics.jax.org/marker/MGI:2681835,http://mouse.brain-map.org/gene/show/85072,"NLGN2_1_KO_HM,NLGN2_2_KO_HT",22820233,,Support for the role of neurexins and neuroligins in physiology and behavior relevant to neurodevelopmental disorders
Mus musculus,Nlgn2,neuroligin 2,NLGN2,216856,http://www.informatics.jax.org/marker/MGI:2681835,http://mouse.brain-map.org/gene/show/85072,"NLGN2_1_KO_HM,NLGN2_2_KO_HT",22820233,,Support for the role of neurexins and neuroligins in physiology and behavior relevant to neurodevelopmental disorders
Mus musculus,Nlgn3,neuroligin 3,NLGN3,245537,http://www.informatics.jax.org/javawi2/servlet/WIFetch?page=markerDetail&key=85523,http://mouse.brain-map.org/brain/Nlgn3.html?ispopup=53,"NLGN3_1_KI_R451C,NLGN3_2_KO,NLGN3_4_KO,NLGN3_3_KI_R451C,NLGN3_10_cKO_D1-Cre,NLGN3_11_cKO_A2a-Cre,NLGN3_12_KI_R451C_D1-Cre,NLGN3_13_cKO_DS_Cre,NLGN3_14_cKO_NAc_Cre,NLGN3_15_cKO_D1-Cre_NAc_DIO-NL3,NLGN3_5_KO,NLGN3_6_KI_R451C,NLGN3_7_cKO_Nestin-Cre,NLGN3_8_cKO_L7-Cre,NLGN3_9_cKO_PV-Cre,NLGN3_1_KI_R451C_GEPH-GFP,NLGN3_1_KI_R451C_PSD95-GFP",17823315,"192,434,481,936,066,000,000,000,000,000,000,000,000,000,000,000",Mutant mice display impaired social interactions; increase in inhibitory synaptic transmission
Mus musculus,Nlgn3,neuroligin 3,NLGN3,245537,http://www.informatics.jax.org/javawi2/servlet/WIFetch?page=markerDetail&key=85523,http://mouse.brain-map.org/brain/Nlgn3.html?ispopup=53,"NLGN3_1_KI_R451C,NLGN3_2_KO,NLGN3_4_KO,NLGN3_3_KI_R451C,NLGN3_10_cKO_D1-Cre,NLGN3_11_cKO_A2a-Cre,NLGN3_12_KI_R451C_D1-Cre,NLGN3_13_cKO_DS_Cre,NLGN3_14_cKO_NAc_Cre,NLGN3_15_cKO_D1-Cre_NAc_DIO-NL3,NLGN3_5_KO,NLGN3_6_KI_R451C,NLGN3_7_cKO_Nestin-Cre,NLGN3_8_cKO_L7-Cre,NLGN3_9_cKO_PV-Cre,NLGN3_1_KI_R451C_GEPH-GFP,NLGN3_1_KI_R451C_PSD95-GFP",17823315,"192,434,481,936,066,000,000,000,000,000,000,000,000,000,000,000",Mutant mice display impaired social interactions; increase in inhibitory synaptic transmission
Mus musculus,Nlgn4x,neuroligin 4-like,NLGN4X,100113365,http://www.informatics.jax.org/javawi2/servlet/WIFetch?page=markerDetail&key=321089,http://mouse.brain-map.org/brain/Nlgn4l.html?ispopup=54,"NLGN4X_1_KO_HM,NLGN4X_2_KO_HM,NLGN4X_3_KO_HT",18227507,22989184,Selective deficit in reciprocal social interaction and communication modeling ASD
Mus musculus,Npas2,neuronal PAS domain protein 2,NPAS2,18143,http://www.informatics.jax.org/javawi2/servlet/WIFetch?page=markerDetail&key=30995,http://mouse.brain-map.org/brain/Npas2.html?ispopup=56,NPAS2_1_KO_HM,10864874,"1,284,339,716,636,270",Npas2 may serve a dedicated regulatory role in the acquisition of specific types of memory
Mus musculus,Nr3c2,"nuclear receptor subfamily 3, group C, member 2",NR3C2,110784,http://www.informatics.jax.org/marker/MGI:99459,http://mouse.brain-map.org/brain/Nr3c2.html?ispopup=25,"NR3C2_1_cKO_CaMK-Cre,NR3C2_2_Tg",16368758,24465979,The mutant mice show impaired learning of the water-maze task and deficits in measures of working memory on the radial maze due to behavioral perseverance and stereotypy.
Mus musculus,Nrcam,neuron-glia-CAM-related cell adhesion molecule,NRCAM,319504,http://www.informatics.jax.org/javawi2/servlet/WIFetch?page=markerDetail&key=25010,http://mouse.brain-map.org/brain/Nrcam.html?ispopup=57,NRCAM_1_KO_HM,19540269,,Evidence that Nrcam mediates domains of function relevant to symptoms observed in autism
Mus musculus,Nrg1,neuregulin 1,NRG1,211323,http://www.informatics.jax.org/marker/MGI:96083,http://mouse.brain-map.org/gene/show/84285,NRG1_1_KO_HT,19643092,,Mice had impairments in a subset of behavioral and electrophysiological tasks relevant to the negative/cognitive symptom domains of schizophrenia that are thought to be influenced by glutamatergic and dopaminergic neurotransmission
Mus musculus,Nrp2,neuropilin 2,NRP2,18187,http://www.informatics.jax.org/javawi2/servlet/WIFetch?page=markerDetail&key=34557,http://mouse.brain-map.org/brain/Nrp2.html?ispopup=58,"NRP2_1_KO_HM,NRP2_2_KO_HT,NRP2_3_KO_HM,NRP2_4_KO_HT",10707970,18657176,"Npn-1 and Npn-2 are required for development of an overlapping, but largely distinct, set of CNS and PNS projections"
Mus musculus,Nrxn1,Neurexin 1,NRXN1,18189,http://www.informatics.jax.org/javawi2/servlet/WIFetch?page=markerDetail&key=33435,http://mouse.brain-map.org/brain/Nrxn1.html?ispopup=59,"NRXN1_1_KO_HM,NRXN1_1_HM",9430716,19822762,Neurexin I alpha pathway contributes to the Ca(2+)-dependent action of alpha-latrotoxin
Mus musculus,Nrxn1,Neurexin 1,NRXN1,18189,http://www.informatics.jax.org/javawi2/servlet/WIFetch?page=markerDetail&key=33435,http://mouse.brain-map.org/brain/Nrxn1.html?ispopup=59,"NRXN1_1_KO_HM,NRXN1_1_HM",9430716,19822762,Neurexin I alpha pathway contributes to the Ca(2+)-dependent action of alpha-latrotoxin
Mus musculus,Nrxn2,Neurexin 2,NRXN2,18190,http://www.informatics.jax.org/marker/MGI:1096362,,"Nrxn2_1_KO_HM,Nrxn2_2_KO_HM,Nrxn2_3_KO_HT",25423136,25745399,"Neurexin null mice have deficiencies is social interaction and display increased anxiety in some behavioral tasks. Increased repetitive behavior has been noted in females only, indicating some sexually dimorphic phenotypes"
Mus musculus,Ntng1,Netrin G1,NTNG1,80883,http://www.informatics.jax.org/javawi2/servlet/WIFetch?page=markerDetail&key=64160,http://mouse.brain-map.org/brain/Ntng1.html?ispopup=60,NTNG1_1_KO_HM,17785411,,Instructive role for axon-derived factors in the segmental differentiation of target dendrites
Mus musculus,Ophn1,Oligophrenin 1,OPHN1,94190,http://www.informatics.jax.org/javawi2/servlet/WIFetch?page=markerDetail&key=76713,http://mouse.brain-map.org/brain/Ophn1.html?ispopup=62,OPHN1_1_KO_HM,17728457,,Ophn1 controls the maturation of dendritic spines either by maintaining the density of mature spines or by limiting the extension of new filopodia
Mus musculus,Oprm1,"opioid receptor, mu 1",OPRM1,18390,http://www.informatics.jax.org/marker/MGI:97441,http://mouse.brain-map.org/experiment/show?id=69860840,"OPRM1_1_HM_KO,OPRM1_1_HM_KO_OXT,OPRM1_1_HM_KO_2LM",25225634,,Oprm1 is involved in G-protein coupled receptor activity and voltage-gated calcium channel activity; mice with homozygous null Oprm1 deletion have deficits in sociability and communication;
Mus musculus,Oxt,oxytocin,OXT,18429,http://www.informatics.jax.org/marker/MGI:97453,http://www.brain-map.org/highlights/21389,"OXT_1_KO_HM,OXT_1_KO_HM_AVP,OXT_1_KO_HM_OTA,OXT_1_KO_HM_Oxt,OXT_2_KO_HM,OXT_2_KO_HM_AM251,OXT_2_KO_HM_PREGNANT",10888874,18655871,Male mutant mice lacking the Oxt gene model deficits in social memory
Mus musculus,Oxtr,Oxytocin receptor,OXTR,18430,http://www.informatics.jax.org/javawi2/servlet/WIFetch?page=markerDetail&key=30910,http://mouse.brain-map.org/brain/Oxtr.html?ispopup=63,"OXTR_1_KO_HM,OXTR_2_KO_HM,OXTR_3_CKO_HM,OXTR_4_KO_HM,OXTR_1_KO_HM_AVP,OXTR_1_KO_HM_OT,OXTR_5_KO_HM,OXTR_10_CN_KO_VnSb,OXTR_11_CN_KO_DrRN,OXTR_6_WT_OTANT,OXTR_7_CN_KO_NAc,OXTR_8_CN_KO_Presynap,OXTR_9_CN_KO_ACC",16249339,"18,356,275,185,209,900,000,000,000,000,000",OXTR plays a critical role in regulating several aspects of social behavior and may have important implications for developmental psychiatric disorders characterized by deficits in social behavior
Mus musculus,P2rx4,"purinergic receptor P2X, ligand-gated ion channel 4",P2RX4,18438,,,"P2RX4_1_KO_HM,P2RX4_2_KO_HT",23604007,,
Mus musculus,Pafah1b1,"platelet-activating factor acetylhydrolase, isoform 1b, subunit 1",PAFAH1B1,18472,http://www.informatics.jax.org/marker/MGI:109520,http://mouse.brain-map.org/gene/show/18238,"PAFAH1B1_1_KO_HT,PAFAH1B1_2_CN_KO_HM",23483716,,PAFAH1B1 playes prominently in dendritic filopodia dynamics and spine turnover implicating reduced dendritic spine density as contributing to developmental autistic-like behavior
Mus musculus,Park2,"Parkinson disease (autosomal recessive, juvenile) 2, parkin",PARK2,50873,http://www.informatics.jax.org/javawi2/servlet/WIFetch?page=markerDetail&key=46151,http://mouse.brain-map.org/brain/Park2.html?ispopup=64,PARK2_1_KO_HM,17412759,,Elucidate the role of impairment of mitochondrial function in Parkinson Disease pathogenesis
Rattus norvegicus,Pax6,paired box 6,PAX6,25509,,,"R_PAX6_1_KO_HT,R_PAX6_1_KO_HT_CLOZ",21203536,,Modulation of Pax6 expression in the developing rat brain causes changes in the development of the glutamatergic interneurons in the brain
Mus musculus,Pcdh10,protocadherin 10,PCDH10,18526,http://www.informatics.jax.org/javawi2/servlet/WIFetch?page=markerDetail&key=40731,http://mouse.brain-map.org/brain/Pcdh10.html?ispopup=65,PCDH10_1_HM,17721516,,Protocadherin is essential for both elongation of striatal axons and patterning of the putative guidance cues for thalamocortical projections
Mus musculus,Per1,Period homolog 1,PER1,18626,http://www.informatics.jax.org/javawi2/servlet/WIFetch?page=markerDetail&key=33867,http://mouse.brain-map.org/brain/Per1.html?ispopup=66,PER1_1_KO_HM,11389837,,Complementary roles of genes in mouse clock mechanism
Mus musculus,Pitx1,paired-like homeodomain transcription factor 1,PITX1,18740,http://www.informatics.jax.org/javawi2/servlet/WIFetch?page=markerDetail&key=28475,http://mouse.brain-map.org/brain/Pitx1.html?ispopup=68,PITX1_1_KO_HM,10101115,,The dual role of Ptx1 revealed by the gene knockout may reflect features of the mammalian jaw and hindlimbs that were acquired at a similar time during tetrapod evolution.
Mus musculus,Plaur,"plasminogen activator, urokinase receptor",PLAUR,18793,http://www.informatics.jax.org/javawi2/servlet/WIFetch?page=markerDetail&key=12375,http://mouse.brain-map.org/brain/Plaur.html?ispopup=69,PLAUR_1_KO_HM,12533622,,"Alteration of development of cortical interneurons in a region- and cell subtype-specific manner, with deficits leading to long-lasting changes in circuit organization and behavior."
Mus musculus,Pln,Phospholamban,PLN,18821,http://www.informatics.jax.org/javawi2/servlet/WIFetch?page=markerDetail&key=12389,http://mouse.brain-map.org/brain/Pln.html?ispopup=70,Pln_1_KO_HM,8062415,,Phospholamban acts as a critical repressor of basal myocardial contractility and may be the key phosphoprotein in mediating the heart's contractile responses to beta-adrenergic agonists.
Mus musculus,Pou3f2,POU domain class 3 transcription factor 2,POU3F2,18992,http://www.informatics.jax.org/marker/MGI:101895,,"POU3F2_1_KO_HM,POU3F2_2_KO_HT",26830142,26830142,"Pou3f2 null embryos have improper cortical lamination and die soon after birth, whereas heterozygous mice display changes to cortical thickness as well,  survive to adulthood and display impaired social behavior"
Mus musculus,Prickle1,prickle homolog 1 (Drosophila),PRICKLE1,106042,http://www.informatics.jax.org/marker/MGI:1916034,http://mouse.brain-map.org/gene/show/70207,"PRICKLE1_1_KO_HT,PRICKLE1_2_C251X_HT,PRICKLE1_3_F141S_HT,PRICKLE1_4_KO_HM,PRICKLE1_5_C251X_HM",21276947,,Prickle mutations have caused seizures throughout evolution
Mus musculus,Prickle2,prickle homolog 2 (Drosophila),PRICKLE2,166336,,,"PRICKLE2_1_KO_HT,PRICKLE2_2_KO_HM",21276947,23711981,Prickle mutations have caused seizures throughout evolution
Mus musculus,Prkcb,"Protein Kinase C, beta",PRKCB,18751,http://www.informatics.jax.org/javawi2/servlet/WIFetch?page=markerDetail&key=12355,http://mouse.brain-map.org/brain/Prkcb.html?ispopup=71,PRKCB_1_KO_HM,8670417,,PKC-betaI and PKC-betaII play an important role in B cell activation and may be functionally linked to Bruton's tyrosine kinase in antigen receptor-mediated signal transduction
Mus Musculus,Prkdc,"Protein kinase, DNA activated, catalytic peptide",PRKDC,19090,http://www.informatics.jax.org/allele/MGI:1857113,http://mouse.brain-map.org/experiment/69817330,"Prkdc_1_SP_HM,Prkdc_1_SP_HM_lymphocytes",27409813,,Prkdc null mice display severe combined immunodeficiency (SCID) and have no functional B or T cells as the DNA repair and non homologous end joining (NHEJ) function of the PRKDC protein is needed for reaarangement of genes that encode antigen- specific  immune receptors
Mus musculus,Ptchd1,Patched domain containing 1,PTCHD1,211612,http://www.informatics.jax.org/marker/MGI:2685233,,"PTCHD1_1_KO_HE,PTCHD1_1_KO_HE_amphetamine,PTCHD1_1_KO_HE_EBIO,PTCHD1_2_CKO_HE_SSTN,PTCHD1_3_CKO_HE",27007844,,"Ptchd1 null mice (males with Ptchd1 knocked out are also null) have increased hyperactivity, aggression and impaired learning in fear conditioning and passive avoidance paradigms. The null mice show abnormalities attributed to the thalamic nuclei networks, including changes in NREMS sleep pattern and sensory-evoked inhibition. Specific changes in neurophysiology of thalamic reticular and geniculate neurons is also reported."
Mus musculus,Pten,phosphatase and tensin homolog,PTEN,19211,http://www.informatics.jax.org/javawi2/servlet/WIFetch?page=markerDetail&key=31908,http://mouse.brain-map.org/brain/Pten.html?ispopup=72,"PTEN_1_CKO_HM,PTEN_1_CKO_HM_Rapamycin-1,PTEN_1_CKO_HM_Rapamycin-2,PTEN_2_CKO_HT,PTEN_3_CKO_HM,PTEN_6_KO_HT,PTEN_7_CKO_HM,PTEN_4_KI_ M3M4_HM,PTEN_5_KI_M3M4_HT,PTEN_8_CKO_HM,PTEN_10_CKO_HM,PTEN_11_CKO_HM,PTEN_12_CKO_HM,PTEN_13_CKO_HT,PTEN_14_CKO_HT,PTEN_15_CKO_HT,PTEN_16_CKO_HT,PTEN_9_CKO_HM,PTEN_17_CKO_HM",16675393,"2,290,002,423,487,780,000,000,000,000,000,000,000,000,000,000,000,000,000,000,000,000",Mutant mice display abnormal social interaction and exaggerated responses to sensory stimuli.
Mus musculus,Pvalb,Parvalbumin,PVALB,19293,http://www.informatics.jax.org/marker/MGI:97821,,"PVALB_1_KO_HM,PVALB_2_KO_HT,PVALB_3_KO_HM_PTZ",25756808,,Parvalbumin null mice have behavioral deficits in social interaction including ultrasonic vocalization during social interaction.
Mus musculus,Rai1,retinoic acid induced 1,RAI1,19377,http://www.informatics.jax.org/javawi2/servlet/WIFetch?page=markerDetail&key=23272,http://mouse.brain-map.org/brain/Rai1.html?ispopup=73,"RAI1_1_KO_HM,RAI1_2_KO_HT",15746153,,"Rai1 haploinsufficiency is responsible for obesity and craniofacial phenotypes in mice with Smith Magenis Syndrome deletions, and indicate Rai1 is important for embryonic and postnatal developments."
Mus musculus,Rapgef4,Rap guanine nucleotide exchange factor (GEF) 4,RAPGEF4,56508,http://www.informatics.jax.org/javawi2/servlet/WIFetch?page=markerDetail&key=54453,http://mouse.brain-map.org/brain/Rapgef4.html?ispopup=74,RAPGEF4_1_KO_HM,18040047,,"Epac2/Rap1 signaling is essential in regulation of insulin granule dynamics by cAMP, most likely by controlling granule density near the plasma membrane."
Mus musculus,Rasd1,"RAS, dexamethasone induced 1",RASD1,19416,http://www.informatics.jax.org/marker/MGI:1270848,,"Rasd1_1_KO_HM,Rasd1_2_KO_HT",23703963,,
Mus musculus,Rbfox1,"RNA binding protein, fox-1 homolog",RBFOX1,268859,http://www.informatics.jax.org/javawi2/servlet/WIFetch?page=markerDetail&key=48408,http://mouse.brain-map.org/brain/Rbfox1.html?ispopup=96,"RBFOX1_1_CN_KO_HM,RBFOX1_2_CN_KO_HT",21623373,,Rbfox1 knockout mice provide a new model to study the post-transcriptional regulation of synaptic function.
Mus musculus,Reln,Reelin,RELN,19699,http://www.informatics.jax.org/javawi2/servlet/WIFetch?page=markerDetail&key=22924,http://mouse.brain-map.org/brain/Reln.html?ispopup=75,"RELN_1_SM_HM,RELN_2_SM_HM,RELN_3_SM_HT,RELN_3_SM_HT_Estradiol-M,RELN_3_SM_HT_Flutamide,RELN_3_SM_HT_Tamoxifen-F,RELN_3_SM_HT_Tamoxifen-M,RELN_4_KO_HT,RELN_4_KO_HT_CPO",11580894,"1,467,484,515,949,220,000,000,000,000,000,000,000,000,000,000,000,000,000,000,000,000","Homozygous reeler mice show decreased brain volume, increased volume of the ventricles and a severe defects in cerebellar foliation and reduced number of Purkinje cells. They also show morphological abnormalities in the hippocampus and disorganized amygdala, because of abnormal neuronal migration in these regions as well as in the cerebellum.  These brain defects give rise to ataxia and severe problems with motor coordination."
Mus musculus,Rps6ka3,ribosomal protein S6 kinase polypeptide 3,RPS6KA3,110651,http://www.informatics.jax.org/marker/MGI:104557,http://mouse.brain-map.org/gene/show/74807,RPS6KA3_1_KO,23742761,,"RSK2 loss-of-function is associated in the dentate gyrus with multi-level alterations that encompass modifications of glutamate receptor channel properties, synaptic transmission, plasticity-associated gene expression and spine morphology, providing novel insights into the mechanisms contributing to cognitive impairments in CLS"
Mus musculus,Scn1a,"sodium channel, voltage-gated, type I, alpha",SCN1A,20265,http://www.informatics.jax.org/javawi2/servlet/WIFetch?page=markerDetail&key=13349,http://mouse.brain-map.org/brain/Scn1a.html?ispopup=76,"SCN1A_5_KO_HM,SCN1A_6_KO_HT,SCN1A_1_R1407X_KI_HM,SCN1A_2_R1407X_KI_HT,SCN1A_3_R1407X_KI_HM,SCN1A_4_R1407X_KI_HT,SCN1A_7_R1648H_HT,SCN1A_6_KO_HT_CLZ,SCN1A_8_CN_KO_HT,SCN1A_10_cKO_HT-SSTN,SCN1A_11_cKO_HT-PVN_SSTN,SCN1A_12_cKO_HT-PVN,SCN1A_13_cKO_HT-SSTN,SCN1A_14_cKO_HT-PVN_SSTN,SCN1A_15_cKO_HM-PVN,SCN1A_16_cKO_HM-SSTN,SCN1A_17_cKO_HM-PVN_SSTN,SCN1A_9_cKO_HT-PVN",17537961,"16,921,370,211,562,000,000,000,000,000,000","Scn1a plays critical roles in the spike output from PV interneurons and, furthermore, that the specifically altered function of these inhibitory circuits may contribute to epileptic seizures"
Mus musculus,Scn1a,"sodium channel, voltage-gated, type I, alpha",SCN1A,20265,http://www.informatics.jax.org/javawi2/servlet/WIFetch?page=markerDetail&key=13349,http://mouse.brain-map.org/brain/Scn1a.html?ispopup=76,"SCN1A_5_KO_HM,SCN1A_6_KO_HT,SCN1A_1_R1407X_KI_HM,SCN1A_2_R1407X_KI_HT,SCN1A_3_R1407X_KI_HM,SCN1A_4_R1407X_KI_HT,SCN1A_7_R1648H_HT,SCN1A_6_KO_HT_CLZ,SCN1A_8_CN_KO_HT,SCN1A_10_cKO_HT-SSTN,SCN1A_11_cKO_HT-PVN_SSTN,SCN1A_12_cKO_HT-PVN,SCN1A_13_cKO_HT-SSTN,SCN1A_14_cKO_HT-PVN_SSTN,SCN1A_15_cKO_HM-PVN,SCN1A_16_cKO_HM-SSTN,SCN1A_17_cKO_HM-PVN_SSTN,SCN1A_9_cKO_HT-PVN",17537961,"16,921,370,211,562,000,000,000,000,000,000","Scn1a plays critical roles in the spike output from PV interneurons and, furthermore, that the specifically altered function of these inhibitory circuits may contribute to epileptic seizures"
Mus musculus,Scn2a,"sodium channel, voltage-gated, type II, alpha I",SCN2A,110876,http://www.informatics.jax.org/javawi2/servlet/WIFetch?page=markerDetail&key=13351,http://mouse.brain-map.org/brain/Scn2a.html?ispopup=77,"SCN2A_1_KO_HM,SCN2A_2_KO_HT,SCN2A_3_Q54_HM",10827969,21156207,"Scn2a expression is, therefore, redundant for embryonic development but essential for postnatal survival"
Mus musculus,Scn8a,"sodium channel, voltage-gated, type VIII, alpha",SCN8A,20273,http://www.informatics.jax.org/javawi2/servlet/WIFetch?page=markerDetail&key=23122,http://mouse.brain-map.org/brain/Scn8a.html?ispopup=78,SCN8A_1_KO_HT,21156207,,Link between ion channel variants and monogenic seizures
Mus musculus,Sema5a,"Sema domain, seven thrombospondin repeats (type 1 and type 1-like), transmembrane domain (TM) and short cytoplasmic domain, (semaphorin) 5A",SEMA5A,20356,http://www.informatics.jax.org/javawi2/servlet/WIFetch?page=markerDetail&key=41089,http://mouse.brain-map.org/brain/Sema5a.html?ispopup=79,SEMA5A_1_KO_HM,15743826,,Identification of a role for Sema5A in the regional patterning of the vasculature
Mus musculus,Shank1,SH3/ankyrin domain gene 1,SHANK1,243961,http://www.informatics.jax.org/javawi2/servlet/WIFetch?page=markerDetail&key=158920,http://mouse.brain-map.org/brain/Shank1.html?ispopup=80,"SHANK1_1_KO_HM,SHANK1_2_KO_HT",18272690,21695253,"Shank1 null mice do not demonstrate autism-relevant social interaction deficits, but confirm and extend a role for Shank1 in motor functions."
Mus musculus,Shank2,SH3/ankyrin domain gene 2,SHANK2,210274,http://www.informatics.jax.org/marker/MGI:2671987,http://mouse.brain-map.org/gene/show/84192,"SHANK2_1_KO_HM,SHANK2_2_KO_HT,SHANK2_3_KO_HM,SHANK2_3_KO_HM_CDPPB_H,SHANK2_3_KO_HM_CDPPB_L,SHANK2_3_KO_HM_DCS,SHANK2_4_KO_HT,SHANK2_5_KO_HM,SHANK2_5_KO_HM_CQ",22699619,"2,269,962,025,981,740",Different abnormalities in synaptic glutamate receptor expression can cause alterations in social interactions and communication
Mus musculus,Shank3,SH3/ankyrin domain gene 3,SHANK3,58234,http://www.informatics.jax.org/marker/MGI:1930016,http://mouse.brain-map.org/brain/Shank3.html?ispopup=81,"SHANK3_1_CN_KO_HM,SHANK3_2_CN_KO_HT,SHANK3_4_KO_HM,SHANK3_5_KO_HM,SHANK3_6_KO_HM,SHANK3_3_CN_KO_HT,SHANK3_7_KO_HM,SHANK3_2_CN_KO_HT_IGF1_H,SHANK3_2_CN_KO_HT_IGF1_L,SHANK3_2_CN_KO_HT_pIGF1,SHANK3_8_KO_HM,SHANK3_9_KO_HT,SHANK3_9_KO_HT_HSV-CA-Rac1,SHANK3_9_KO_HT_TATcofilin-1,SHANK3_9_KO_HT_TATcofilin-2,SHANK3_9_KO_HT_TATcofilin-3,SHANK3_10_KI_HM,SHANK3_11_KI_HT,SHANK3_12_KI_HM_reversed,SHANK3_13_cKO_HM,SHANK3_14_cKO_HT,SHANK3_15_KI_HM,SHANK3_16_KI_HT,SHANK3_17_KI_HM,SHANK3_18_KI_HT,SHANK3_8_KO_HM_TG003,SHANK3_8_KO_HT,SHANK3_8_KO_HT_TG003,SHANK3_19_KO_HM,SHANK3_19_KO_HM_CDPPB-1,SHANK3_19_KO_HM_CDPPB-2,SHANK3_19_KO_HM_MPEP,SHANK3_19_KO_HT,SHANK3_20_CKO_HM_NAc,SHANK3_4_KO_HT",21167025,"2,142,316,521,558,420,000,000,000,000,000,000,000,000,000,000,000,000,000,000,000,000,000,000,000,000,000,000,000,000,000,000,000,000,000,000,000,000","Specific deficits in synaptic function and plasticity, along with reduced reciprocal social interactions in Shank3 heterozygous mice."
Mus musculus,Slc1a2,"solute carrier family 1 (glial high affinity glutamate transporter), member 2",SLC1A2,20511,http://www.informatics.jax.org/marker/MGI:101931,,"SLC1A2_1_cKO_HM,SLC1A2_2_cKO_HM,SLC1A2_2_cKO_HM-Desloratadine,SLC1A2_2_cKO_HM-Fluoxetine-1,SLC1A2_2_cKO_HM-Fluoxetine-2,SLC1A2_2_cKO_HM-Kainate,SLC1A2_2_cKO_HM-Memantine,SLC1A2_3_cKO_HM",25662838,25662838,"Slc1a2 complete knockouts die prematurely, often due to spontaneous seizures and do not reach adulthood, they also demonstrate neuronal degeneration. The conditional KO, specific to astrocytes and activated in adolescent mice, show increased repetitive and stereotypic behavior"
Mus musculus,Slc25a12,"solute carrier family 25 (Mitochondrial carrier, Aralar), member 12",SLC25A12,78830,http://www.informatics.jax.org/javawi2/servlet/WIFetch?page=markerDetail&key=62810,http://mouse.brain-map.org/brain/Slc25a12.html?ispopup=82,"SLC25A12_1_KO_HM,SLC25A12_2_KO_HT,SLC25A12_3_KO_HM,SLC25A12_4_KO_HT",15987682,20015484,Impaired motor functions with myelination defects
Mus musculus,Slc30a3,"Solute carrier family 30 (zinc transporter), member 3",Slc30a3,22784,http://www.informatics.jax.org/marker/MGI:1345280,http://www.brain-map.org/highlights/21404,"Slc30a3_1_cKO_HM,Slc30a3_1_cKO_HM_MC",27352957,,Absence of Slc30a3 in mice results in autism-like symptoms including deficits in social interaction and increase in repetitive behaviors
Mus musculus,SLC33A1,Solute carrier family 33 member 1,SLC33A1,11416,http://www.informatics.jax.org/marker/MGI:1332247,http://mouse.brain-map.org/gene/show/11205,"SLC33A1_1_TG,SLC33A1_1_TG_REVERSED",27242167,,"Chromosomal duplications affecting the 3q25.31 locus harboring AT-1/ SLC33A1 have been associated with autism spectrum disorder (ASD) and intellectual disability (SFARI Autism Database; http://sfari.org/; Sanders et al., 2011; Prasad et al., 2012; Krumm et al., 2013)"
Mus musculus,Slc4a10,"solute carrier family 4, sodium bicarbonate cotransporter-like, member 10",SLC4A10,94229,http://www.informatics.jax.org/javawi2/servlet/WIFetch?page=markerDetail&key=76304,http://mouse.brain-map.org/brain/Slc4a10.html?ispopup=83,SLC4A10_1_KO_HM,18165320,,lc4a10 is involved in the control of neuronal pH and excitability and may contribute to the secretion of cerebrospinal fluid
Mus musculus,Slc6a3,"solute carrier family 6 (neurotransmitter transporter), member 3",SLC6A3,13162,http://www.informatics.jax.org/marker/MGI:94862,,"Slc6a3_1_KO_HM,Slc6a3_3_KO_HM,Slc6a3_3_KO_HM-Clz,Slc6a3_3_KO_HM_Hal,Slc6a3_3_KO_HM_Preg,Slc6a3_4_KI_HM-Val559,Slc6a3_5_KI_HT-Val559,Slc6a3_4_KI_HM-Val559_AMPH-1,Slc6a3_4_KI_HM-Val559_AMPH-2,Slc6a3_4_KI_HM-Val559_MPH-1,Slc6a3_5_KI_HT-Val559_AMPH-1,Slc6a3_5_KI_HT-Val559_AMPH-2,Slc6a3_5_KI_HT-Val559_MPH-1,Slc6a3_2_KO_HM",,"199,328,842,324,002,000,000,000,000,000,000,000,000","The dopamine transporter, Slc6a3 is knocked out in the model and homozygotes for targeted null mutations exhibit hyperactivity and impaired spatial cognitive function."
Mus musculus,Slc6a4,"solute carrier family 6 (neurotransmitter transporter, serotonin), member 4",SLC6A4,15567,http://www.informatics.jax.org/javawi2/servlet/WIFetch?page=markerDetail&key=10027,http://mouse.brain-map.org/brain/Slc6a4.html?ispopup=84,"SLC6A4_1_KO_HM,SLC6A4_KO_HM,SLC6A4_2_KO_HT,SLC6A4_3_KO_HT_Stress,SLC6A4_4_SERTAla56_HM",14625138,"20,470,877,204,708,700,000,000,000,000,000",Developmental loss of Slc6a4 produces altered behaviors in models of depression that are generally opposite to those produced by antidepressant treatment
Mus musculus,Slc9a6,"solute carrier family 9 (sodium/hydrogen exchanger), member 6",SLC9A6,236794,http://www.informatics.jax.org/marker/MGI:2443511,,"Slc9a6_2_KO_HM,Slc9a6_1_KO_HM,Slc9a6_3_KO_HT",24035762,"2,196,491,926,515,650",Slc9a6 null mice have dendritic abnormalities with decrease in synapse numbers
Mus musculus,Slitrk5,"SLIT and NTRK-like family, member 5",SLITRK5,75409,http://www.informatics.jax.org/marker/MGI:2679448,,"SLITRK5_1_KO_HM,SLITRK5_2_KO_HT",20418887,,"SLITRK5 knock out mice have developmental and behavioral abnormalities, like skin lesions and increased anxiety"
Mus musculus,St8sia2,"ST8 alpha-N-acetyl-neuraminide alpha-2,8-sialyltransferase 2",ST8SIA2,20450,http://www.informatics.jax.org/javawi2/servlet/WIFetch?page=markerDetail&key=26656,http://mouse.brain-map.org/brain/St8sia2.html?ispopup=85,ST8SIA2_1_KO_HM,15140899,24057454,ST8Sia-II-deficient mice exhibited higher exploratory drive and reduced behavioral responses to Pavlovian fear conditioning
Mus musculus,Stat1,Signal transducer and activator of transcription 1,STAT1,20846,http://www.informatics.jax.org/marker/MGI:103063,http://mouse.brain-map.org/experiment/2635,"Stat1_1_CKO_HM_Myeloid,Stat1_2_CKO_HM_Gabaergic",27409813,,"Stat1 conditional knockout from gabaergic neurons causes mice to be impaired in socialibility, Stat1 homozygous null mice have impaired growth and are susceptible to viral diseases"
Mus musculus,Stk39,"Seine/threonin kinase 39, STE20/SPS1 homolog (yeast)",STK39,53416,http://www.informatics.jax.org/javawi2/servlet/WIFetch?page=markerDetail&key=46451,http://mouse.brain-map.org/brain/Stk39.html?ispopup=86,STK39_1_KO_HM,19307180,,Demonstration of redundancy of kinases in dorsal root ganglion neurons
Mus musculus,Syn1,Synapsin I,SYN1,20964,,,SYN1_1_KO_HM,23280234,,involvement of Syns in generation of the behavioral traits of ASD
Mus musculus,Syn2,Synapsin II,SYN2,20965,,,SYN2_1_KO_HM,23280234,,Syn knockout mice as a useful experimental model of ASD and epilepsy
Mus musculus,Syn3,Syapsin III,SYN3,27204,,,SYN3_1_KO_HM,23280234,,Syn knockout mice as a useful experimental model of ASD and epilepsy
Mus musculus,Syngap1,synaptic Ras GTPase activating protein 1 homolog (rat),SYNGAP1,240057,http://www.informatics.jax.org/javawi2/servlet/WIFetch?page=markerDetail&key=105322,http://mouse.brain-map.org/brain/Syngap1.html?ispopup=87,"SYNGAP1_1_KO_HT,SYNGAP1_2_KO_HM,SYNGAP1_4_KO_HT,SYNGAP1_5_KO_HM,SYNGAP1_3_CN_KO_HM,Syngap1_6_CN_KO_HT,Syngap1_7_CN_KI_HT,SYNGAP1_8_KO_HT,SYNGAP1_9_KO_FMR1_DM",12598599,"125,985,991,914,522,000,000,000,000,000,000,000,000,000,000,000",Notable behavioral as well as morphological phenotypes indicative of hippocampal dysfunction
Mus musculus,Tbr1,T-box brain gene1,TBR1,21375,http://www.informatics.jax.org/marker/MGI:107404,,"Tbr1_1_KO_HM,Tbr1_1_KO_HM_golli-lacZ,Tbr1_2_KO_HT,Tbr1_2_KO_HT_Cycloserine-1,Tbr1_2_KO_HT_Cycloserine-2,Tbr1_2_KO_HT_miRNAs,Tbr1_3_KO_HT,Tbr1_3_KO_HT_CQ,Tbr1_1_KO_HM_tau-lacz",11239428,"112,394,281,196,789,000,000,000,000,000,000,000,000",Mice homozygous for the targeted null allele die shortly after birth and have disrupted forebrain morphology and hypoplastic olfactory bulb.
Mus musculus,Tbx1,T-box1,TBX1,21380,http://www.informatics.jax.org/javawi2/servlet/WIFetch?page=markerDetail&key=13762,http://mouse.brain-map.org/gene/show/36001,TBX1_1_KO_HT,16900388,21908517,Tbx1 plays a major role in the molecular etiology and phenotypes of 22q11.2 hemizygosity associated ASD
Mus musculus,Tert,Telomerase reverse transcriptase,TERT,,http://www.informatics.jax.org/marker/MGI:1202709,,"TERT_1_Tg_HM,TERT_1_Tg_HM_Memantine",26696493,,"Tragenic mice overexpressing TERT have impaired social behavior and social memory, show reduced anxiety and have increased susceptibility to seizures"
Mus musculus,Thra,thyroid hormone receptor alpha,THRA,21833,http://www.informatics.jax.org/javawi2/servlet/WIFetch?page=markerDetail&key=14123,http://mouse.brain-map.org/brain/Thra.html?ispopup=88,THRA_1_KO_HM,20580649,,"Unliganded Thra leads to a depressive and anxious phenotype, which is responsive to continuous T3-substitution and that an iatrogeneously induced hyperthyreoidism by continuous T3-administration leads to a hypolocomotive and depressive phenotype."
Mus musculus,Top3b,Topoisomerase (DNA) III beta,TOP3B,8940,http://www.informatics.jax.org/marker/MGI:1333803,,"Top3b_1_KO_HM,Top3b_1_KO_HT",11331780,23912945,Top3Beta KO mice have abnormal synapse formation and reduced synaptophysin in pre and post synaptic vesicles
Mus musculus,Tph2,Tryptophan hydroxylase 2,TPH2,216343,http://www.informatics.jax.org/marker/MGI:2651811,,"TPH2_1_KO_HM,TPH2_2_KO_HM,TPH2_3_KO_HT",23139830,25901271,"Tph2 nul mice have no brain TPH2 protein, therefore lack brain serotonin. They exhibit deficiencies in social interaction and ultrasonic vocalization and increase in repetitive behavior"
Mus musculus,Trpc6,"Transient receptor potential cation channel, subfamily C, member 6",TRPC6,22068,,,"TRPC6_1_KD-shRNA,TRPC6_1_KD-shRNA_WT-R,TRPC6_2_KO_HM,TRPC6_3_KO_HT",25385366,,
Mus musculus,Tsc1,Tuberous sclerosis 1,TSC1,64930,http://www.informatics.jax.org/javawi2/servlet/WIFetch?page=markerDetail&key=49599,http://mouse.brain-map.org/brain/Tsc1.html?ispopup=89,"TSC1_1_KO_HM,TSC1_2_KO_HT,TSC1_3_CN_KO_HM,TSC1_4_CN_KO_HM,TSC1_5_CN_KO_HM,TSC1_5_CN_KO_HM_RAPA,TSC1_6_CN_KO_HT,TSC1_5_CN_KO_HM_RAPA_C,TSC1_6_CN_KO_HT_RAPA_C,TSC1_7_KO_HT,TSC1_7_KO_HT_RAPA_H,TSC1_7_KO_HT_RAPA_L,TSC1_7_KO_HT_RAPA_M,TSC1_8_CN_KO_HM,TSC1_9_CN_KO_HM,TSC1_10_CN_KO,TSC1_10_CN_KO_Rapa",11875047,"118,750,472,106,290,000,000,000,000,000,000,000,000,000,000,000,000,000,000,000,000,000,000,000",Inhibition may benefit control of TSC hamartomas
Mus musculus,Tsc2,tuberous sclerosis 2,TSC2,22084,http://www.informatics.jax.org/javawi2/servlet/WIFetch?page=markerDetail&key=18445,http://mouse.brain-map.org/brain/Tsc2.html?ispopup=90,"TSC2_1_KO_HM,TSC2_2_KO_HT,TSC2_3_KO_HT,TSC2_4_DN_HM,TSC2_5_CN_KO_HM,TSC2_6_CN_KO_HT,TSC2_7_CN_KO_HM,TSC2_8_KO_HT,TSC2_8_KO_HT_RAPA_H,TSC2_8_KO_HT_RAPA_L,TSC2_8_KO_HT_RAPA_M,TSC2_10_KO_ATG7_DM,TSC2_10_KO_ATG7_DM_Rapa,TSC2_8_KO_HT_Rapa-2,TSC2_9_KO_HT_GFP-LC3",10491404,"208,824,012,106,290,000,000,000,000,000,000,000,000,000,000,000",To provide an alternative model for Tuberous Sclerosis (TSC)
Mus musculus,Tsc2,tuberous sclerosis 2,TSC2,22084,http://www.informatics.jax.org/javawi2/servlet/WIFetch?page=markerDetail&key=18445,http://mouse.brain-map.org/brain/Tsc2.html?ispopup=90,"TSC2_1_KO_HM,TSC2_2_KO_HT,TSC2_3_KO_HT,TSC2_4_DN_HM,TSC2_5_CN_KO_HM,TSC2_6_CN_KO_HT,TSC2_7_CN_KO_HM,TSC2_8_KO_HT,TSC2_8_KO_HT_RAPA_H,TSC2_8_KO_HT_RAPA_L,TSC2_8_KO_HT_RAPA_M,TSC2_10_KO_ATG7_DM,TSC2_10_KO_ATG7_DM_Rapa,TSC2_8_KO_HT_Rapa-2,TSC2_9_KO_HT_GFP-LC3",10491404,"208,824,012,106,290,000,000,000,000,000,000,000,000,000,000,000",To provide an alternative model for Tuberous Sclerosis (TSC)
Mus musculus,Tyr,Tyrosinase,TYR,22173,http://www.informatics.jax.org/javawi2/servlet/WIFetch?page=markerDetail&key=14347,http://mouse.brain-map.org/brain/Tyr.html?ispopup=91,TYR_1_Tg_HM,21093492,,"Mutant mice showed deficits in social interaction and interest, abnormalities in pup and juvenile ultrasonic vocalization communications, and exhibited a repetitive stereotypy. Abnormalities were also observed in the domain of sensory function."
Mus musculus,Uba6,ubiquitin-like modifier activating enzyme 6,UBA6,231380,http://www.informatics.jax.org/marker/MGI:1913894,http://mouse.brain-map.org/gene/show/87233,UBA6_1_CN_KO_HM,23499007,,"This data reveals an unanticipated role for Uba6 in neuronal development, spine architecture, mouse behavior, and turnover of Ube3a"
Mus musculus,Ube3a,ubiquitin protein ligase E3A,UBE3A,22215,http://www.informatics.jax.org/javawi2/servlet/WIFetch?page=markerDetail&key=25517,http://mouse.brain-map.org/brain/Ube3a.html?ispopup=92,"UBE3A_4_HT_m-p+,UBE3A_4_HT_p,UBE3A_1_KO_HM,UBE3A_5_Tg_HM,UBE3A_6_Tg_HM,UBE3A_3_HT_m,UBE3A_3_HT_m_THIP_H,UBE3A_3_HT_m_THIP_L,UBE3A_4_HT_m-p+_Apamin,UBE3A_10_CKO_HE_Nex-cre,UBE3A_11_KO_HE,UBE3A_11_KO_HE_Glutamatergic,UBE3A_13_CKO_HE_Mosaic,UBE3A_14_KO_HE,UBE3A_14_KO_HE_Gabaergic,UBE3A_15_CKO_HE_Gad2-cre,UBE3A_7_CKO_HE_Gad2-cre,UBE3A_8_CKO_HE_Nestin-cre,UBE3A_9_CKO_HE,UBE3A_2_KO_HM,UBE3A_3_HT_m+p-",9808466,"19,430,469,202,111,300,000,000,000,000,000,000,000,000,000,000,000,000,000,000,000,000,000,000,000,000,000","Deficiency of the maternal allele of Ube3a results in  impaired motor function, inducible seizures, learning deficits, abnormal hippocampal electroencephalographic recordings, and severely impaired long-term potentiation."
Mus musculus,Ube3b,ubiquitin protein ligase E3B,UBE3B,117146,http://www.informatics.jax.org/marker/MGI:1891295,http://mouse.brain-map.org/gene/show/78442,UBE3B_1_KO_HM,23200864,,Pleiotropic effects of UBE3B deficiency and reinforce the physiological importance of ubiquitination in neuronal development and function in mammals
Rattus norvegicus,Vldlr,very low density lipoprotein receptor,VLDLR,25696,,,R_VLDLR_1_OE,23110844,,Vldlr overexpression increases hypeactivity levels in rats as well as a deficit in spatial learning
Mus musculus,Wdfy3,WD repeat and FYVE domain containing 3,WDFY3,72145,http://www.informatics.jax.org/marker/MGI:1096875,http://mouse.brain-map.org/brain/Wdfy3.html?ispopup=25,"WDFY3_1_DISC_HM,WDFY3_2_DISC_HT,WDFY3_3_LACZ_HM,WDFY3_4_LACZ_HT",25198012,,"Homozygous disconnected mice display perinatal lethality, and neurodevelopmental anomalies"